Tỉnh/Thành phố,Tên trạm,Tổng lượng mưa,Thời gian cập nhập
Đắk Nông,"Kiến Đức, Đắk R'lấp",0.0,2026-01-24 19:19:00
Đắk Nông,"Long Sơn, Đăk Mil",0.0,2026-01-24 19:19:00
Đắk Nông,"Nam Dong, Cư Jút",0.0,2026-01-24 19:19:00
Đắk Nông,"Nam Xuân, Krông Nô",0.0,2026-01-24 19:19:00
Đắk Nông,"Nghĩa Thắng, Đăk R'lấp",0.0,2026-01-24 19:19:00
Đắk Nông,"Nghĩa Trung, Gia Nghĩa",0.0,2026-01-24 19:19:00
Đắk Nông,"Nhân Cơ, Đăk R'lấp",0.0,2026-01-24 19:19:00
Đắk Nông,"Nâm N'Đir, Krông Nô",0.0,2026-01-24 19:19:00
Đắk Nông,Nâm Nung,0.0,2026-01-24 19:19:00
Đắk Nông,"Nâm N’Jang, Đắk Song",0.0,2026-01-24 19:19:00
Đắk Nông,"Quảng Hòa, Đắk G'Long",0.0,2026-01-24 19:19:00
Đắk Nông,Quảng Khê,0.2,2026-01-24 19:19:00
Đắk Nông,"Quảng Thành, Gia Nghĩa",0.0,2026-01-24 19:19:00
Đắk Nông,"Quảng Tâm, Tuy Đức",0.0,2026-01-24 19:19:00
Đắk Nông,"Quảng Tín, Đăk R'lấp",0.0,2026-01-24 19:19:00
Đắk Nông,"Thuận Hà, Đắk Song",0.0,2026-01-24 19:19:00
Đắk Nông,"Trúc Sơn, Cư Jút",0.0,2026-01-24 19:19:00
Đắk Nông,"Tân Thành, Krông Nô",0.0,2026-01-24 19:19:00
Đắk Nông,phường Nghĩa Trung,0.0,2026-01-24 19:19:00
Đắk Nông,phường Quảng Thành,0.0,2026-01-24 19:19:00
Đắk Nông,thị trấn Ea T'ling,0.0,2026-01-24 19:19:00
Đắk Nông,thị trấn Đức An,0.0,2026-01-24 19:19:00
Đắk Nông,xã Buôn Choah,0.0,2026-01-24 19:19:00
Đắk Nông,xã Hưng Bình,0.0,2026-01-24 19:19:00
Đắk Nông,xã Kiến Thành,0.0,2026-01-24 19:19:00
Đắk Nông,xã Kiến Đức,0.0,2026-01-24 19:19:00
Đắk Nông,xã Long Sơn,0.0,2026-01-24 19:19:00
Đắk Nông,xã Nam Dong,0.0,2026-01-24 19:19:00
Đắk Nông,xã Nam Xuân,0.0,2026-01-24 19:19:00
Đắk Nông,xã Nghĩa Thắng,0.0,2026-01-24 19:19:00
Đắk Nông,xã Nhân Cơ,0.0,2026-01-24 19:19:00
Đắk Nông,xã Nâm N'Jang,0.0,2026-01-24 19:19:00
Đắk Nông,xã Nâm N'Đir,0.0,2026-01-24 19:19:00
Đắk Nông,xã Nâm Nung,0.0,2026-01-24 19:19:00
Đắk Nông,xã Quảng Hòa,0.0,2026-01-24 19:19:00
Đắk Nông,xã Quảng Khê,0.0,2026-01-24 19:19:00
Đắk Nông,xã Quảng Tâm,0.0,2026-01-24 19:19:00
Đắk Nông,xã Quảng Tín,0.0,2026-01-24 19:19:00
Đắk Nông,xã Thuận Hà,0.0,2026-01-24 19:19:00
Đắk Nông,xã Trúc Sơn,0.0,2026-01-24 19:19:00
Đắk Nông,xã Tân Thành,0.0,2026-01-24 19:19:00
Đắk Nông,xã Đăk Buk So,0.0,2026-01-24 19:19:00
Đắk Nông,xã Đăk Drông,0.0,2026-01-24 19:19:00
Đắk Nông,xã Đăk Ha,0.0,2026-01-24 19:19:00
Đắk Nông,xã Đăk Hòa,0.0,2026-01-24 19:19:00
Đắk Nông,xã Đăk Mool,0.0,2026-01-24 19:19:00
Đắk Nông,xã Đăk Mâm,0.0,2026-01-24 19:19:00
Đắk Nông,xã Đăk N'Drot,0.0,2026-01-24 19:19:00
Đắk Nông,xã Đăk N'Drung,0.0,2026-01-24 19:19:00
Đắk Nông,xã Đăk Ngo,0.0,2026-01-24 19:19:00
Đắk Nông,xã Đăk R'La,0.0,2026-01-24 19:19:00
Đắk Nông,xã Đăk R'Moan,0.0,2026-01-24 19:19:00
Đắk Nông,xã Đăk Ru,0.0,2026-01-24 19:19:00
Đắk Nông,xã Đăk Sin,0.0,2026-01-24 19:19:00
Đắk Nông,xã Đăk Săk,0.0,2026-01-24 19:19:00
Đắk Nông,xã Đăk Wer,0.0,2026-01-24 19:19:00
Đắk Nông,xã Đạo Nghĩa,0.0,2026-01-24 19:19:00
Đắk Nông,xã Đắk Gằn,0.0,2026-01-24 19:19:00
Đắk Nông,xã Đắk Lao,0.0,2026-01-24 19:19:00
Đắk Nông,xã Đắk Som,0.0,2026-01-24 19:19:00
Đắk Nông,xã Đắk Sôr,0.0,2026-01-24 19:19:00
Đắk Nông,xã Đức Mạnh,0.0,2026-01-24 19:19:00
Đắk Nông,xã Đức Xuyên,0.0,2026-01-24 19:19:00
Đắk Nông,"Đăk Buk So, Tuy Đức",0.0,2026-01-24 19:19:00
Đắk Nông,"Đăk Drông, Cư Jút",0.0,2026-01-24 19:19:00
Đắk Nông,"Đăk Ha, Đăk G'Long",3.4,2026-01-24 19:19:00
Đắk Nông,"Đăk Hòa, Đắk Song",0.0,2026-01-24 19:19:00
Đắk Nông,"Đăk Mool, Đắk Song",0.0,2026-01-24 19:19:00
Đắk Nông,"Đăk Mâm, Krông Nô",0.0,2026-01-24 19:19:00
Đắk Nông,"Đăk N'Drot, Đăk Mil",0.0,2026-01-24 19:19:00
Đắk Nông,"Đăk N'Drung, Đắk Song",0.0,2026-01-24 19:19:00
Đắk Nông,"Đăk Ngo, Tuy Đức",0.4,2026-01-24 19:19:00
Đắk Nông,"Đăk R'La, Đăk Mil",0.0,2026-01-24 19:19:00
Đắk Nông,"Đăk R'Moan, Gia Nghĩa",0.0,2026-01-24 19:19:00
Đắk Nông,"Đăk Ru, Đăk R'lấp",0.0,2026-01-24 19:19:00
Đắk Nông,Đăk Sin,0.0,2026-01-24 19:19:00
Đắk Nông,"Đăk Săk, Đăk Mil",0.0,2026-01-24 19:19:00
Đắk Nông,"Đăk Wer, Đăk R'lấp",0.0,2026-01-24 19:19:00
Đắk Nông,Đạo Nghĩa,0.0,2026-01-24 19:19:00
Đắk Nông,Đạo Nghĩa 2,0.0,2026-01-24 19:19:00
Đắk Nông,Đắk Buk So,0.0,2026-01-24 19:19:00
Đắk Nông,Đắk Gằn 2,0.0,2026-01-24 19:19:00
Đắk Nông,Đắk Gằn 3,0.0,2026-01-24 19:19:00
Đắk Nông,"Đắk Gằn, Đăk Mil",0.0,2026-01-24 19:19:00
Đắk Nông,Đắk Lao 1,0.0,2026-01-24 19:19:00
Đắk Nông,Đắk Lao 2,0.0,2026-01-24 19:19:00
Đắk Nông,"Đắk Som, Đăk G'Long",0.0,2026-01-24 19:19:00
Đắk Nông,"Đắk Sôr, Krông Nô",0.0,2026-01-24 19:19:00
Đắk Nông,"Đức An, Đắk Song",0.0,2026-01-24 19:19:00
Đắk Nông,Đức Mạnh 2,0.0,2026-01-24 19:19:00
Đắk Nông,"Đức Xuyên, Krông Nô",0.0,2026-01-24 19:19:00
Lâm Đồng,An Nhơn - Đạ Tẻh,0.0,2026-01-24 19:19:00
Lâm Đồng,B'Lá,0.0,2026-01-24 19:19:00
Lâm Đồng,B'Lá - Bảo Lâm,0.0,2026-01-24 19:19:00
Lâm Đồng,"Buôn Choah, Krông Nô",0.0,2026-01-24 19:19:00
Lâm Đồng,Bảo Lộc,0.0,2026-01-24 19:19:00
Lâm Đồng,Bảo Thuận - Di Linh,0.0,2026-01-24 19:19:00
Lâm Đồng,Bảo Thuận 2,0.0,2026-01-24 19:19:00
Lâm Đồng,Bắc Ruộng,0.0,2026-01-24 19:19:00
Lâm Đồng,D'Ran - Đơn Dương,0.0,2026-01-24 19:19:00
Lâm Đồng,Di Linh,0.0,2026-01-24 19:19:00
Lâm Đồng,Dân Hiệp,0.0,2026-01-24 19:19:00
Lâm Đồng,"Ea T'ling, Cư Jút",0.0,2026-01-24 19:19:00
Lâm Đồng,Gia An,0.0,2026-01-24 19:19:00
Lâm Đồng,Gia Hiệp,0.0,2026-01-24 19:19:00
Lâm Đồng,Gia Viễn - Cát Tiên,0.0,2026-01-24 19:19:00
Lâm Đồng,Gung Ré,0.0,2026-01-24 19:19:00
Lâm Đồng,Hoài Đức - Lâm Hà,0.0,2026-01-24 19:19:00
Lâm Đồng,Hàm Cần,0.0,2026-01-24 19:19:00
Lâm Đồng,Hàm Tiến,0.0,2026-01-24 19:19:00
Lâm Đồng,Hòa Bắc,0.0,2026-01-24 19:19:00
Lâm Đồng,Hòa Bắc - Di Linh,0.0,2026-01-24 19:19:00
Lâm Đồng,"Hưng Bình, Đăk R'lấp",0.0,2026-01-24 19:19:00
Lâm Đồng,Hương Lâm - Đạ Tẻh,0.0,2026-01-24 19:19:00
Lâm Đồng,Hồ Sông Phan,0.0,2026-01-24 19:19:00
Lâm Đồng,Hồ Thôn 4 Lộc Bắc,0.0,2026-01-24 19:19:00
Lâm Đồng,Hồ Trà Tân,0.0,2026-01-24 19:19:00
Lâm Đồng,Hồ Tuyền Lâm - LS,0.0,2026-01-24 19:19:00
Lâm Đồng,Hồ Xuân Hương-LS,0.0,2026-01-24 19:19:00
Lâm Đồng,Hồ Đa Glé,0.0,2026-01-24 19:19:00
Lâm Đồng,Hồng Phong,0.0,2026-01-24 19:19:00
Lâm Đồng,Ka Đô - Đơn Dương,0.0,2026-01-24 19:19:00
Lâm Đồng,"Khu bảo tồn Nâm Nung, Nâm N’Jang",0.0,2026-01-24 19:19:00
Lâm Đồng,Khu du lịch cáp treo Đà Lạt,0.0,2026-01-24 19:19:00
Lâm Đồng,"Kiến Thành, Đăk R'lấp",0.0,2026-01-24 19:19:00
Lâm Đồng,"Kiến Đức, Đắk R'lấp",0.0,2026-01-24 19:19:00
Lâm Đồng,Ku Kê,0.0,2026-01-24 19:19:00
Lâm Đồng,La Dạ 2,0.0,2026-01-24 19:19:00
Lâm Đồng,Liên Đầm,0.0,2026-01-24 19:19:00
Lâm Đồng,"Long Sơn, Đăk Mil",0.0,2026-01-24 19:19:00
Lâm Đồng,Lạc Dương,0.0,2026-01-24 19:19:00
Lâm Đồng,Lạc Lâm - Đơn Dương,0.0,2026-01-24 19:19:00
Lâm Đồng,Lạc Xuân - Đơn Dương,0.0,2026-01-24 19:19:00
Lâm Đồng,Lộc Lâm - Bảo Lâm,0.0,2026-01-24 19:19:00
Lâm Đồng,Lộc Ngãi,0.0,2026-01-24 19:19:00
Lâm Đồng,Lộc Ngãi 3,0.0,2026-01-24 19:19:00
Lâm Đồng,Lộc Phú - Bảo Lâm,0.0,2026-01-24 19:19:00
Lâm Đồng,Lộc Sơn - Bảo Lộc,0.0,2026-01-24 19:19:00
Lâm Đồng,Lộc Thành,0.0,2026-01-24 19:19:00
Lâm Đồng,Lộc Thành - Bảo Lâm,0.0,2026-01-24 19:19:00
Lâm Đồng,Lộc Tân - Bảo Lâm,0.0,2026-01-24 19:19:00
Lâm Đồng,Mỹ Đức,0.0,2026-01-24 19:19:00
Lâm Đồng,Nam Ban,0.0,2026-01-24 19:19:00
Lâm Đồng,"Nam Dong, Cư Jút",0.0,2026-01-24 19:19:00
Lâm Đồng,Nam Ninh - Cát Tiên,0.0,2026-01-24 19:19:00
Lâm Đồng,"Nam Xuân, Krông Nô",0.0,2026-01-24 19:19:00
Lâm Đồng,"Nghĩa Thắng, Đăk R'lấp",0.0,2026-01-24 19:19:00
Lâm Đồng,"Nghĩa Trung, Gia Nghĩa",0.0,2026-01-24 19:19:00
Lâm Đồng,Nhà máy Hàm Thuận,0.0,2026-01-24 19:19:00
Lâm Đồng,"Nhân Cơ, Đăk R'lấp",0.0,2026-01-24 19:19:00
Lâm Đồng,Ninh Loan - Đức Trọng,0.0,2026-01-24 19:19:00
Lâm Đồng,"Nâm N'Đir, Krông Nô",0.0,2026-01-24 19:19:00
Lâm Đồng,Nâm Nung,0.0,2026-01-24 19:19:00
Lâm Đồng,"Nâm N’Jang, Đắk Song",0.0,2026-01-24 19:19:00
Lâm Đồng,P'Róh - Đơn Dương,0.0,2026-01-24 19:19:00
Lâm Đồng,Phan Dũng,0.0,2026-01-24 19:19:00
Lâm Đồng,Phan Rí Cửa,0.0,2026-01-24 19:19:00
Lâm Đồng,Phan Tiến,0.0,2026-01-24 19:19:00
Lâm Đồng,Phan Điền,0.0,2026-01-24 19:19:00
Lâm Đồng,Phi Tô - Lâm Hà,0.0,2026-01-24 19:19:00
Lâm Đồng,Phúc Thọ - Lâm Hà,0.0,2026-01-24 19:19:00
Lâm Đồng,Phước Cát 2 - Cát Tiên,0.0,2026-01-24 19:19:00
Lâm Đồng,Phước Hội,0.0,2026-01-24 19:19:00
Lâm Đồng,Phường 10,0.0,2026-01-24 19:19:00
Lâm Đồng,Phường 11 - Đà Lạt,0.0,2026-01-24 19:19:00
Lâm Đồng,Phường 12 - Đà Lạt,0.0,2026-01-24 19:19:00
Lâm Đồng,Phường 3,0.0,2026-01-24 19:19:00
Lâm Đồng,Phường 7,0.0,2026-01-24 19:19:00
Lâm Đồng,"Quảng Hòa, Đắk G'Long",0.0,2026-01-24 19:19:00
Lâm Đồng,Quảng Khê,0.0,2026-01-24 19:19:00
Lâm Đồng,Quảng Ngãi - Cát Tiên,0.0,2026-01-24 19:19:00
Lâm Đồng,"Quảng Thành, Gia Nghĩa",0.0,2026-01-24 19:19:00
Lâm Đồng,"Quảng Tâm, Tuy Đức",0.0,2026-01-24 19:19:00
Lâm Đồng,"Quảng Tín, Đăk R'lấp",0.0,2026-01-24 19:19:00
Lâm Đồng,Quốc Oai - Đạ Tẻh,0.0,2026-01-24 19:19:00
Lâm Đồng,Rô Men - Đam Rông,0.0,2026-01-24 19:19:00
Lâm Đồng,Suối Kiết 3,0.0,2026-01-24 19:19:00
Lâm Đồng,Suối Kiết 4,0.0,2026-01-24 19:19:00
Lâm Đồng,Suối Vàng,0.0,2026-01-24 19:19:00
Lâm Đồng,Sơn Điền,0.0,2026-01-24 19:19:00
Lâm Đồng,Sơn Điền PCTT,0.0,2026-01-24 19:19:00
Lâm Đồng,TLBT-Ba Bàu (1),0.0,2026-01-24 19:19:00
Lâm Đồng,TLBT-Ba Bàu (2),0.0,2026-01-24 19:19:00
Lâm Đồng,TLBT-Ba Bàu (3),0.0,2026-01-24 19:19:00
Lâm Đồng,TLBT-Cà Giang (1),0.0,2026-01-24 19:19:00
Lâm Đồng,TLBT-Cà Giây (1),0.0,2026-01-24 19:19:00
Lâm Đồng,TLBT-Cà Giây (2),0.0,2026-01-24 19:19:00
Lâm Đồng,TLBT-Cẩm Hang (1),0.0,2026-01-24 19:19:00
Lâm Đồng,TLBT-Hộc Tám (1),0.0,2026-01-24 19:19:00
Lâm Đồng,TLBT-LT Sông Dinh (1),0.0,2026-01-24 19:19:00
Lâm Đồng,TLBT-Lòng Sông (1),0.0,2026-01-24 19:19:00
Lâm Đồng,TLBT-Núi Đất (1),0.0,2026-01-24 19:19:00
Lâm Đồng,TLBT-Phan Dũng (1),0.0,2026-01-24 19:19:00
Lâm Đồng,TLBT-Suối Đá (1),0.0,2026-01-24 19:19:00
Lâm Đồng,TLBT-Suối Đá (2),0.0,2026-01-24 19:19:00
Lâm Đồng,TLBT-Sông Dinh 3 (1),0.0,2026-01-24 19:19:00
Lâm Đồng,TLBT-Sông Dinh 3 (3),0.0,2026-01-24 19:19:00
Lâm Đồng,TLBT-Sông Dinh 3 (4),0.0,2026-01-24 19:19:00
Lâm Đồng,TLBT-Sông Khán (1),0.0,2026-01-24 19:19:00
Lâm Đồng,TLBT-Sông Khán (2),0.0,2026-01-24 19:19:00
Lâm Đồng,TLBT-Sông Móng (1),0.0,2026-01-24 19:19:00
Lâm Đồng,TLBT-Sông Phan (1),0.0,2026-01-24 19:19:00
Lâm Đồng,TLBT-Sông Quao (1),0.0,2026-01-24 19:19:00
Lâm Đồng,TLBT-Sông Quao (2),0.0,2026-01-24 19:19:00
Lâm Đồng,TLBT-Sông Quao (3),0.0,2026-01-24 19:19:00
Lâm Đồng,TLBT-Tà Mon (1),0.0,2026-01-24 19:19:00
Lâm Đồng,TLBT-Đaguiry (1),0.0,2026-01-24 19:19:00
Lâm Đồng,TLBT-Đập Cô Kiều,0.0,2026-01-24 19:19:00
Lâm Đồng,TLBT-Đủ Đủ (1),0.0,2026-01-24 19:19:00
Lâm Đồng,"Thuận Hà, Đắk Song",0.0,2026-01-24 19:19:00
Lâm Đồng,Thác Datanla,0.0,2026-01-24 19:19:00
Lâm Đồng,Thạnh Mỹ,0.0,2026-01-24 19:19:00
Lâm Đồng,Thắng Hải,0.0,2026-01-24 19:19:00
Lâm Đồng,Thị trấn Cát Tiên - Cát Tiên,0.0,2026-01-24 19:19:00
Lâm Đồng,Thị trấn Ma Đa Gui - Đạ Huoai,0.0,2026-01-24 19:19:00
Lâm Đồng,Thị trấn Đạ M'Ri - Đạ Huoai,0.0,2026-01-24 19:19:00
Lâm Đồng,Tiên Hoàng - Cát Tiên,0.0,2026-01-24 19:19:00
Lâm Đồng,Tiến Thành,0.0,2026-01-24 19:19:00
Lâm Đồng,Trung tâm hành chính - Đà Lạt,0.0,2026-01-24 19:19:00
Lâm Đồng,"Trúc Sơn, Cư Jút",0.0,2026-01-24 19:19:00
Lâm Đồng,Trường cao đẳng du lịch Đà Lạt,0.0,2026-01-24 19:19:00
Lâm Đồng,Trạm Hành - TP Đà Lạt,0.0,2026-01-24 19:19:00
Lâm Đồng,Tu Tra - Đơn Dương,0.0,2026-01-24 19:19:00
Lâm Đồng,Tà Hine - Đức Trọng,0.0,2026-01-24 19:19:00
Lâm Đồng,Tà Nung - TP Đà Lạt,0.0,2026-01-24 19:19:00
Lâm Đồng,Tân Hà - Lâm Hà,0.0,2026-01-24 19:19:00
Lâm Đồng,Tân Lâm,0.0,2026-01-24 19:19:00
Lâm Đồng,Tân Lập,0.0,2026-01-24 19:19:00
Lâm Đồng,Tân Nghĩa - Di Linh,0.0,2026-01-24 19:19:00
Lâm Đồng,Tân Phước,0.0,2026-01-24 19:19:00
Lâm Đồng,Tân Rai,0.0,2026-01-24 19:19:00
Lâm Đồng,"Tân Thành, Krông Nô",0.0,2026-01-24 19:19:00
Lâm Đồng,Tân Thượng - Di Linh,0.0,2026-01-24 19:19:00
Lâm Đồng,Tân Tiến,0.0,2026-01-24 19:19:00
Lâm Đồng,Tân Đức,0.0,2026-01-24 19:19:00
Lâm Đồng,Vĩnh Hảo,0.0,2026-01-24 19:19:00
Lâm Đồng,Xuân Thọ - Đà Lạt,0.0,2026-01-24 19:19:00
Lâm Đồng,Xuân Trường - TP Đà Lạt,0.0,2026-01-24 19:19:00
Lâm Đồng,Xã Đam'bri - Bảo Lộc,0.0,2026-01-24 19:19:00
Lâm Đồng,phường 2 Bảo Lộc,0.0,2026-01-24 19:19:00
Lâm Đồng,phường 3 Bảo Lộc,0.0,2026-01-24 19:19:00
Lâm Đồng,phường B'Lao,0.0,2026-01-24 19:19:00
Lâm Đồng,phường Bình Thuận,0.0,2026-01-24 19:19:00
Lâm Đồng,phường Bắc Gia Nghĩa,0.0,2026-01-24 19:19:00
Lâm Đồng,phường Cam Ly - Đà Lạt,0.0,2026-01-24 19:19:00
Lâm Đồng,phường Lang Biang - Đà Lạt,0.0,2026-01-24 19:19:00
Lâm Đồng,phường Lâm Viên - Đà Lạt,0.0,2026-01-24 19:19:00
Lâm Đồng,phường Mũi Né,0.0,2026-01-24 19:19:00
Lâm Đồng,phường Nam Gia Nghĩa,0.0,2026-01-24 19:19:00
Lâm Đồng,phường Phước Hội,0.0,2026-01-24 19:19:00
Lâm Đồng,phường Tiến Thành,0.0,2026-01-24 19:19:00
Lâm Đồng,phường Xuân Hương - Đà Lạt,0.0,2026-01-24 19:19:00
Lâm Đồng,phường Xuân Trường - Đà Lạt,0.0,2026-01-24 19:19:00
Lâm Đồng,phường Đông Gia Nghĩa,0.0,2026-01-24 19:19:00
Lâm Đồng,xã Bảo Lâm 1,0.0,2026-01-24 19:19:00
Lâm Đồng,xã Bảo Lâm 2,0.0,2026-01-24 19:19:00
Lâm Đồng,xã Bảo Lâm 3,0.0,2026-01-24 19:19:00
Lâm Đồng,xã Bảo Lâm 4,0.0,2026-01-24 19:19:00
Lâm Đồng,xã Bảo Lâm 5,0.0,2026-01-24 19:19:00
Lâm Đồng,xã Bảo Thuận,0.0,2026-01-24 19:19:00
Lâm Đồng,xã Bắc Ruộng,0.0,2026-01-24 19:19:00
Lâm Đồng,xã Cát Tiên,0.0,2026-01-24 19:19:00
Lâm Đồng,xã Cát Tiên 2,0.0,2026-01-24 19:19:00
Lâm Đồng,xã Cát Tiên 3,0.0,2026-01-24 19:19:00
Lâm Đồng,xã Cư Jút,0.0,2026-01-24 19:19:00
Lâm Đồng,xã D'Ran,0.0,2026-01-24 19:19:00
Lâm Đồng,xã Di Linh,0.0,2026-01-24 19:19:00
Lâm Đồng,xã Gia Hiệp,0.0,2026-01-24 19:19:00
Lâm Đồng,xã Hoài Đức,0.0,2026-01-24 19:19:00
Lâm Đồng,xã Hàm Kiệm,0.0,2026-01-24 19:19:00
Lâm Đồng,xã Hàm Liêm,0.0,2026-01-24 19:19:00
Lâm Đồng,xã Hàm Thuận,0.0,2026-01-24 19:19:00
Lâm Đồng,xã Hàm Thuận Bắc,0.0,2026-01-24 19:19:00
Lâm Đồng,xã Hàm Thạnh,0.0,2026-01-24 19:19:00
Lâm Đồng,xã Hàm Tân,0.0,2026-01-24 19:19:00
Lâm Đồng,xã Hòa Bắc,0.0,2026-01-24 19:19:00
Lâm Đồng,xã Hòa Ninh,0.0,2026-01-24 19:19:00
Lâm Đồng,xã Hòa Thắng,0.0,2026-01-24 19:19:00
Lâm Đồng,xã Hải Ninh,0.0,2026-01-24 19:19:00
Lâm Đồng,xã Hồng Sơn,0.0,2026-01-24 19:19:00
Lâm Đồng,xã Ka Đô,0.0,2026-01-24 19:19:00
Lâm Đồng,xã Kiến Đức,0.0,2026-01-24 19:19:00
Lâm Đồng,xã Krông Nô,0.0,2026-01-24 19:19:00
Lâm Đồng,xã La Dạ,0.0,2026-01-24 19:19:00
Lâm Đồng,xã Lạc Dương,0.0,2026-01-24 19:19:00
Lâm Đồng,xã Nam Ban Lâm Hà,0.0,2026-01-24 19:19:00
Lâm Đồng,xã Nam Dong,0.0,2026-01-24 19:19:00
Lâm Đồng,xã Nam Hà Lâm Hà,0.0,2026-01-24 19:19:00
Lâm Đồng,xã Nam Thành,0.0,2026-01-24 19:19:00
Lâm Đồng,xã Nam Đà,0.0,2026-01-24 19:19:00
Lâm Đồng,xã Nghị Đức,0.0,2026-01-24 19:19:00
Lâm Đồng,xã Nhân Cơ,0.0,2026-01-24 19:19:00
Lâm Đồng,xã Nâm Nung,0.0,2026-01-24 19:19:00
Lâm Đồng,xã Phan Rí Cửa,0.0,2026-01-24 19:19:00
Lâm Đồng,xã Phan Sơn,0.0,2026-01-24 19:19:00
Lâm Đồng,xã Phú Sơn Lâm Hà,0.0,2026-01-24 19:19:00
Lâm Đồng,xã Phúc Thọ Lâm Hà,0.0,2026-01-24 19:19:00
Lâm Đồng,xã Quảng Hòa,0.0,2026-01-24 19:19:00
Lâm Đồng,xã Quảng Khê,0.0,2026-01-24 19:19:00
Lâm Đồng,xã Quảng Lập,0.0,2026-01-24 19:19:00
Lâm Đồng,xã Quảng Phú,0.0,2026-01-24 19:19:00
Lâm Đồng,xã Quảng Tân,0.0,2026-01-24 19:19:00
Lâm Đồng,xã Quảng Tín,0.0,2026-01-24 19:19:00
Lâm Đồng,xã Suối Kiết,0.0,2026-01-24 19:19:00
Lâm Đồng,xã Sông Lũy,0.0,2026-01-24 19:19:00
Lâm Đồng,xã Sơn Mỹ,0.0,2026-01-24 19:19:00
Lâm Đồng,xã Sơn Điền,0.0,2026-01-24 19:19:00
Lâm Đồng,xã Thuận An,0.0,2026-01-24 19:19:00
Lâm Đồng,xã Thuận Hạnh,0.0,2026-01-24 19:19:00
Lâm Đồng,xã Trà Tân,0.0,2026-01-24 19:19:00
Lâm Đồng,xã Trường Xuân,0.0,2026-01-24 19:19:00
Lâm Đồng,xã Tuy Phong,0.0,2026-01-24 19:19:00
Lâm Đồng,xã Tuy Đức,0.0,2026-01-24 19:19:00
Lâm Đồng,xã Tà Hine,0.0,2026-01-24 19:19:00
Lâm Đồng,xã Tà Năng,0.0,2026-01-24 19:19:00
Lâm Đồng,xã Tà Đùng,0.0,2026-01-24 19:19:00
Lâm Đồng,xã Tánh Linh,0.0,2026-01-24 19:19:00
Lâm Đồng,xã Tân Hà Lâm Hà,0.0,2026-01-24 19:19:00
Lâm Đồng,xã Tân Hải,0.0,2026-01-24 19:19:00
Lâm Đồng,xã Tân Lập,0.0,2026-01-24 19:19:00
Lâm Đồng,xã Tân Minh,0.0,2026-01-24 19:19:00
Lâm Đồng,xã Vĩnh Hảo,0.0,2026-01-24 19:19:00
Lâm Đồng,xã Đam Rông 1,0.0,2026-01-24 19:19:00
Lâm Đồng,xã Đam Rông 2,0.0,2026-01-24 19:19:00
Lâm Đồng,xã Đam Rông 3,0.0,2026-01-24 19:19:00
Lâm Đồng,xã Đam Rông 4,0.0,2026-01-24 19:19:00
Lâm Đồng,xã Đinh Trang Thượng,0.0,2026-01-24 19:19:00
Lâm Đồng,xã Đông Giang,0.0,2026-01-24 19:19:00
Lâm Đồng,xã Đơn Dương,0.0,2026-01-24 19:19:00
Lâm Đồng,xã Đạ Huoai,0.0,2026-01-24 19:19:00
Lâm Đồng,xã Đạ Huoai 2,0.0,2026-01-24 19:19:00
Lâm Đồng,xã Đạ Huoai 3,0.0,2026-01-24 19:19:00
Lâm Đồng,xã Đạ Tẻh,0.0,2026-01-24 19:19:00
Lâm Đồng,xã Đạ Tẻh 2,0.0,2026-01-24 19:19:00
Lâm Đồng,xã Đạ Tẻh 3,0.0,2026-01-24 19:19:00
Lâm Đồng,xã Đắk Mil,0.0,2026-01-24 19:19:00
Lâm Đồng,xã Đắk Song,0.0,2026-01-24 19:19:00
Lâm Đồng,xã Đắk Sắk,0.0,2026-01-24 19:19:00
Lâm Đồng,xã Đức An,0.0,2026-01-24 19:19:00
Lâm Đồng,xã Đức Lập,0.0,2026-01-24 19:19:00
Lâm Đồng,Đa Kai,0.0,2026-01-24 19:19:00
Lâm Đồng,Đa Mi,0.0,2026-01-24 19:19:00
Lâm Đồng,Đa Quyn - Đức Trọng,0.0,2026-01-24 19:19:00
Lâm Đồng,Đam Rông,0.0,2026-01-24 19:19:00
Lâm Đồng,Đinh Trang Hòa,0.0,2026-01-24 19:19:00
Lâm Đồng,Đinh Trang Thượng - Di Linh,0.0,2026-01-24 19:19:00
Lâm Đồng,Đoàn Kết,0.0,2026-01-24 19:19:00
Lâm Đồng,Đà Loan - Đức Trọng,0.0,2026-01-24 19:19:00
Lâm Đồng,Đèo Bảo Lộc - Bảo Lộc,0.0,2026-01-24 19:19:00
Lâm Đồng,Đông Thanh - Lâm Hà,0.0,2026-01-24 19:19:00
Lâm Đồng,"Đăk Buk So, Tuy Đức",0.0,2026-01-24 19:19:00
Lâm Đồng,"Đăk Drông, Cư Jút",0.0,2026-01-24 19:19:00
Lâm Đồng,"Đăk Ha, Đăk G'Long",0.0,2026-01-24 19:19:00
Lâm Đồng,"Đăk Hòa, Đắk Song",0.0,2026-01-24 19:19:00
Lâm Đồng,"Đăk Mool, Đắk Song",0.0,2026-01-24 19:19:00
Lâm Đồng,"Đăk Mâm, Krông Nô",0.0,2026-01-24 19:19:00
Lâm Đồng,"Đăk N'Drot, Đăk Mil",0.0,2026-01-24 19:19:00
Lâm Đồng,"Đăk N'Drung, Đắk Song",0.0,2026-01-24 19:19:00
Lâm Đồng,"Đăk Ngo, Tuy Đức",0.0,2026-01-24 19:19:00
Lâm Đồng,"Đăk R'La, Đăk Mil",0.0,2026-01-24 19:19:00
Lâm Đồng,"Đăk R'Moan, Gia Nghĩa",0.0,2026-01-24 19:19:00
Lâm Đồng,"Đăk Ru, Đăk R'lấp",0.0,2026-01-24 19:19:00
Lâm Đồng,Đăk Sin,0.0,2026-01-24 19:19:00
Lâm Đồng,"Đăk Săk, Đăk Mil",0.0,2026-01-24 19:19:00
Lâm Đồng,"Đăk Wer, Đăk R'lấp",0.0,2026-01-24 19:19:00
Lâm Đồng,Đưng K'Nớ,0.0,2026-01-24 19:19:00
Lâm Đồng,Đạ Chais 2,0.0,2026-01-24 19:19:00
Lâm Đồng,Đạ Chais 5,0.0,2026-01-24 19:19:00
Lâm Đồng,Đạ K'Nàng - Đam Rông,0.0,2026-01-24 19:19:00
Lâm Đồng,Đạ Kho,0.0,2026-01-24 19:19:00
Lâm Đồng,Đạ Long,0.0,2026-01-24 19:19:00
Lâm Đồng,Đạ MRi 1,0.0,2026-01-24 19:19:00
Lâm Đồng,Đạ Nhim,0.0,2026-01-24 19:19:00
Lâm Đồng,Đạ Nhim - Lạc Dương,0.0,2026-01-24 19:19:00
Lâm Đồng,Đạ Pal - Đạ Tẻh,0.0,2026-01-24 19:19:00
Lâm Đồng,Đạ Ploa - Đạ Huoai,0.0,2026-01-24 19:19:00
Lâm Đồng,Đạ Ploa 1,0.0,2026-01-24 19:19:00
Lâm Đồng,Đạ Ròn - Đơn Dương,0.0,2026-01-24 19:19:00
Lâm Đồng,Đạ Sar,0.0,2026-01-24 19:19:00
Lâm Đồng,Đạ Tông - Đam Rông,0.0,2026-01-24 19:19:00
Lâm Đồng,Đạ Tông 2,0.0,2026-01-24 19:19:00
Lâm Đồng,Đạ Tẻh,0.0,2026-01-24 19:19:00
Lâm Đồng,Đạ Tồn - Đạ Huoai,0.0,2026-01-24 19:19:00
Lâm Đồng,Đạ Đờn - Lâm Hà,0.0,2026-01-24 19:19:00
Lâm Đồng,Đại Lào - Bảo Lộc,0.0,2026-01-24 19:19:00
Lâm Đồng,Đại Nga,0.0,2026-01-24 19:19:00
Lâm Đồng,Đạo Nghĩa,0.0,2026-01-24 19:19:00
Lâm Đồng,Đạo Nghĩa 2,0.0,2026-01-24 19:19:00
Lâm Đồng,Đập tràn Hàm Thuận,0.0,2026-01-24 19:19:00
Lâm Đồng,Đập tràn thủy điện Bảo Lộc,0.0,2026-01-24 19:19:00
Lâm Đồng,Đắk Buk So,0.0,2026-01-24 19:19:00
Lâm Đồng,Đắk Gằn 2,0.0,2026-01-24 19:19:00
Lâm Đồng,Đắk Gằn 3,0.0,2026-01-24 19:19:00
Lâm Đồng,"Đắk Gằn, Đăk Mil",0.0,2026-01-24 19:19:00
Lâm Đồng,Đắk Lao 1,0.0,2026-01-24 19:19:00
Lâm Đồng,Đắk Lao 2,0.0,2026-01-24 19:19:00
Lâm Đồng,"Đắk Som, Đăk G'Long",0.0,2026-01-24 19:19:00
Lâm Đồng,"Đắk Sôr, Krông Nô",0.0,2026-01-24 19:19:00
Lâm Đồng,Đồng Nai Thượng - Cát Tiên,0.0,2026-01-24 19:19:00
Lâm Đồng,"Đức An, Đắk Song",0.0,2026-01-24 19:19:00
Lâm Đồng,Đức Hạnh,0.0,2026-01-24 19:19:00
Lâm Đồng,Đức Mạnh 2,0.0,2026-01-24 19:19:00
Lâm Đồng,Đức Phú,0.0,2026-01-24 19:19:00
Lâm Đồng,Đức Phổ - Cát Tiên,0.0,2026-01-24 19:19:00
Lâm Đồng,Đức Thuận,0.0,2026-01-24 19:19:00
Lâm Đồng,"Đức Xuyên, Krông Nô",0.0,2026-01-24 19:19:00
Đồng Nai,Bom Bo,0.0,2026-01-24 19:19:00
Đồng Nai,Bình Long,0.0,2026-01-24 19:19:00
Đồng Nai,Bù Nho 1,0.0,2026-01-24 19:19:00
Đồng Nai,Bù Đăng,0.0,2026-01-24 19:19:00
Đồng Nai,Bù Đốp,0.0,2026-01-24 19:19:00
Đồng Nai,Cẩm Mỹ,0.0,2026-01-24 19:19:00
Đồng Nai,HPH_02,0.0,2026-01-24 19:19:00
Đồng Nai,HPH_06,0.0,2026-01-24 19:19:00
Đồng Nai,La Ngà,0.0,2026-01-24 19:19:00
Đồng Nai,Long Bình,0.0,2026-01-24 19:19:00
Đồng Nai,Long Thành,0.0,2026-01-24 19:19:00
Đồng Nai,Lâm San,0.0,2026-01-24 19:19:00
Đồng Nai,Lộc Ninh,0.0,2026-01-24 19:19:00
Đồng Nai,Lộc Ninh (DT),0.0,2026-01-24 19:19:00
Đồng Nai,Lộc Thiện (DT),0.0,2026-01-24 19:19:00
Đồng Nai,Lộc Thành (DT),0.0,2026-01-24 19:19:00
Đồng Nai,Lộc Thạnh,0.0,2026-01-24 19:19:00
Đồng Nai,Minh Lập,0.0,2026-01-24 19:19:00
Đồng Nai,Minh Tâm,0.0,2026-01-24 19:19:00
Đồng Nai,Minh Tâm (DT),0.0,2026-01-24 19:19:00
Đồng Nai,Nghĩa Trung,0.0,2026-01-24 19:19:00
Đồng Nai,Phước Tân,0.0,2026-01-24 19:19:00
Đồng Nai,Thanh An,0.0,2026-01-24 19:19:00
Đồng Nai,Thanh Lương (DT),0.0,2026-01-24 19:19:00
Đồng Nai,Thanh Sơn 1,0.0,2026-01-24 19:19:00
Đồng Nai,Thống Nhất,0.0,2026-01-24 19:19:00
Đồng Nai,Tân Tiến,0.0,2026-01-24 19:19:00
Đồng Nai,Túc Trưng,0.0,2026-01-24 19:19:00
Đồng Nai,phường An Lộc,0.0,2026-01-24 19:19:00
Đồng Nai,phường Bình Long,0.0,2026-01-24 19:19:00
Đồng Nai,xã Bom Bo,0.0,2026-01-24 19:19:00
Đồng Nai,xã Bình Tân,0.0,2026-01-24 19:19:00
Đồng Nai,xã Bù Đăng,0.0,2026-01-24 19:19:00
Đồng Nai,xã Cẩm Mỹ,0.0,2026-01-24 19:19:00
Đồng Nai,xã La Ngà,0.0,2026-01-24 19:19:00
Đồng Nai,xã Long Hà,0.0,2026-01-24 19:19:00
Đồng Nai,xã Long Thành,0.0,2026-01-24 19:19:00
Đồng Nai,xã Lộc Ninh,0.0,2026-01-24 19:19:00
Đồng Nai,xã Lộc Thành,0.0,2026-01-24 19:19:00
Đồng Nai,xã Lộc Thạnh,0.0,2026-01-24 19:19:00
Đồng Nai,xã Lộc Tấn,0.0,2026-01-24 19:19:00
Đồng Nai,xã Minh Đức,0.0,2026-01-24 19:19:00
Đồng Nai,xã Nghĩa Trung,0.0,2026-01-24 19:19:00
Đồng Nai,xã Nha Bích,0.0,2026-01-24 19:19:00
Đồng Nai,xã Phú Riềng,0.0,2026-01-24 19:19:00
Đồng Nai,xã Phú Trung,0.0,2026-01-24 19:19:00
Đồng Nai,xã Sông Ray,0.0,2026-01-24 19:19:00
Đồng Nai,xã Thanh Sơn,0.0,2026-01-24 19:19:00
Đồng Nai,xã Thiện Hưng,0.0,2026-01-24 19:19:00
Đồng Nai,xã Thọ Sơn,0.0,2026-01-24 19:19:00
Đồng Nai,xã Trảng Bom,0.0,2026-01-24 19:19:00
Đồng Nai,xã Tân Hưng,0.0,2026-01-24 19:19:00
Đồng Nai,xã Tân Khai,0.0,2026-01-24 19:19:00
Đồng Nai,xã Tân Tiến,0.0,2026-01-24 19:19:00
Đồng Nai,xã Đak Lua,0.0,2026-01-24 19:19:00
Đồng Nai,Đăk Lua 4,0.0,2026-01-24 19:19:00
Đồng Nai,Đồng Nai,0.0,2026-01-24 19:19:00
An Giang,An Hảo,0.0,2026-01-24 19:19:00
An Giang,An Ninh KV3,0.0,2026-01-24 19:19:00
An Giang,An Nông,0.0,2026-01-24 19:19:00
An Giang,An Thới,0.0,2026-01-24 19:19:00
An Giang,Bãi Thơm,0.0,2026-01-24 19:19:00
An Giang,Châu Phong,0.0,2026-01-24 19:19:00
An Giang,Cô Tô,0.0,2026-01-24 19:19:00
An Giang,Cửa Cạn,0.0,2026-01-24 19:19:00
An Giang,Giồng Riềng,0.0,2026-01-24 19:19:00
An Giang,Gò Quao,0.0,2026-01-24 19:19:00
An Giang,Hồ Núi Dài 2,0.0,2026-01-24 19:19:00
An Giang,Hồ Soài Check,0.0,2026-01-24 19:19:00
An Giang,Hồ Ô Thum,0.0,2026-01-24 19:19:00
An Giang,Hội An,0.0,2026-01-24 19:19:00
An Giang,Lại Sơn,0.0,2026-01-24 19:19:00
An Giang,Mỹ Hội Đông,0.0,2026-01-24 19:19:00
An Giang,Nhơn Hội,0.0,2026-01-24 19:19:00
An Giang,Núi Sập,0.2,2026-01-24 19:19:00
An Giang,Thuận Hòa,0.0,2026-01-24 19:19:00
An Giang,Thới Sơn,0.0,2026-01-24 19:19:00
An Giang,Tri Tôn,0.0,2026-01-24 19:19:00
An Giang,Tà Lọt,0.0,2026-01-24 19:19:00
An Giang,Tấn Mỹ,0.0,2026-01-24 19:19:00
An Giang,Vĩnh Hoà Hưng,0.0,2026-01-24 19:19:00
An Giang,Vĩnh Thuận,0.0,2026-01-24 19:19:00
An Giang,Vĩnh Xương,0.0,2026-01-24 19:19:00
An Giang,Vĩnh Điền,0.0,2026-01-24 19:19:00
An Giang,phường Thới Sơn,0.0,2026-01-24 19:19:00
An Giang,phường Tịnh Biên,0.0,2026-01-24 19:19:00
An Giang,xã An Biên,0.0,2026-01-24 19:19:00
An Giang,xã An Minh,0.0,2026-01-24 19:19:00
An Giang,xã Ba Chúc,0.0,2026-01-24 19:19:00
An Giang,xã Châu Phong,0.0,2026-01-24 19:19:00
An Giang,xã Cô Tô,0.0,2026-01-24 19:19:00
An Giang,xã Cù Lao Giêng,0.0,2026-01-24 19:19:00
An Giang,xã Gò Quao,0.0,2026-01-24 19:19:00
An Giang,xã Hòn Đất,0.0,2026-01-24 19:19:00
An Giang,xã Hội An,0.0,2026-01-24 19:19:00
An Giang,xã Nhơn Hội,0.0,2026-01-24 19:19:00
An Giang,xã Nhơn Mỹ,0.0,2026-01-24 19:19:00
An Giang,xã Núi Cấm,0.0,2026-01-24 19:19:00
An Giang,xã Thoại Sơn,0.0,2026-01-24 19:19:00
An Giang,xã Thạnh Hưng,0.0,2026-01-24 19:19:00
An Giang,xã Tri Tôn,0.0,2026-01-24 19:19:00
An Giang,xã Tân Thạnh,0.0,2026-01-24 19:19:00
An Giang,xã Vĩnh Hòa Hưng,0.0,2026-01-24 19:19:00
An Giang,xã Vĩnh Phong,0.0,2026-01-24 19:19:00
An Giang,xã Vĩnh Xương,0.0,2026-01-24 19:19:00
An Giang,xã Ô Lâm,0.0,2026-01-24 19:19:00
An Giang,đặc khu Kiên Hải,0.0,2026-01-24 19:19:00
An Giang,đặc khu Phú Quốc,0.0,2026-01-24 19:19:00
Bà Rịa Vũng Tàu,Bà Rịa,0.0,2026-01-24 19:19:00
Bà Rịa Vũng Tàu,Bàu Lâm,0.0,2026-01-24 19:19:00
Bà Rịa Vũng Tàu,Côn Đảo,10.4,2026-01-24 19:19:00
Bà Rịa Vũng Tàu,Hồ Châu Pha,0.0,2026-01-24 19:19:00
Bà Rịa Vũng Tàu,Hồ Gia Hoét 1,0.0,2026-01-24 19:19:00
Bà Rịa Vũng Tàu,Hồ Kim Long,0.0,2026-01-24 19:19:00
Bà Rịa Vũng Tàu,Hồ Lồ Ồ,0.0,2026-01-24 19:19:00
Bà Rịa Vũng Tàu,Hồ Núi Nhan,0.0,2026-01-24 19:19:00
Bà Rịa Vũng Tàu,Hồ Suối Các,0.0,2026-01-24 19:19:00
Bà Rịa Vũng Tàu,Hồ Suối Giàu,0.0,2026-01-24 19:19:00
Bà Rịa Vũng Tàu,Hồ Sông Kinh,0.0,2026-01-24 19:19:00
Bà Rịa Vũng Tàu,Hồ Tầm Bó,0.0,2026-01-24 19:19:00
Bà Rịa Vũng Tàu,Hồ Xuyên Mộc,0.0,2026-01-24 19:19:00
Bà Rịa Vũng Tàu,Hồ Đá Bàng,0.0,2026-01-24 19:19:00
Bà Rịa Vũng Tàu,Hồ Đá Đen,0.0,2026-01-24 19:19:00
Bà Rịa Vũng Tàu,Long Hải,0.0,2026-01-24 19:19:00
Bà Rịa Vũng Tàu,Long Sơn,0.0,2026-01-24 19:19:00
Bà Rịa Vũng Tàu,Long Tân,0.0,2026-01-24 19:19:00
Bà Rịa Vũng Tàu,Nghĩa Thành,0.0,2026-01-24 19:19:00
Bà Rịa Vũng Tàu,Xuyên Mộc,0.0,2026-01-24 19:19:00
Bà Rịa Vũng Tàu,Xuân Sơn,0.0,2026-01-24 19:19:00
Bà Rịa Vũng Tàu,phường Hắc Dịch,0.0,2026-01-24 19:19:00
Bà Rịa Vũng Tàu,thị trấn Long Hải,0.0,2026-01-24 19:19:00
Bà Rịa Vũng Tàu,thị trấn Ngãi Giao,0.0,2026-01-24 19:19:00
Bà Rịa Vũng Tàu,thị trấn Phước Bửu,0.0,2026-01-24 19:19:00
Bà Rịa Vũng Tàu,xã Bàu Lâm,0.0,2026-01-24 19:19:00
Bà Rịa Vũng Tàu,xã Bình Trung,0.0,2026-01-24 19:19:00
Bà Rịa Vũng Tàu,xã Côn Đảo,0.0,2026-01-24 19:19:00
Bà Rịa Vũng Tàu,xã Cù Bị,0.0,2026-01-24 19:19:00
Bà Rịa Vũng Tàu,xã Hòa Hiệp,0.0,2026-01-24 19:19:00
Bà Rịa Vũng Tàu,xã Kim Long,0.0,2026-01-24 19:19:00
Bà Rịa Vũng Tàu,xã Long Sơn,0.0,2026-01-24 19:19:00
Bà Rịa Vũng Tàu,xã Long Tân,0.0,2026-01-24 19:19:00
Bà Rịa Vũng Tàu,xã Nghĩa Thành,0.0,2026-01-24 19:19:00
Bà Rịa Vũng Tàu,xã Phước Tân,0.0,2026-01-24 19:19:00
Bà Rịa Vũng Tàu,xã Quảng Thành,0.0,2026-01-24 19:19:00
Bà Rịa Vũng Tàu,xã Sơn Bình,0.0,2026-01-24 19:19:00
Bà Rịa Vũng Tàu,xã Tân Hưng,0.0,2026-01-24 19:19:00
Bà Rịa Vũng Tàu,xã Xà Bang,0.0,2026-01-24 19:19:00
Bà Rịa Vũng Tàu,xã Đá Bạc,0.0,2026-01-24 19:19:00
Bạc Liêu,Châu Thới,0.0,2026-01-24 19:19:00
Bạc Liêu,Chủ Chí,0.2,2026-01-24 19:19:00
Bạc Liêu,Cái Cùng,0.0,2026-01-24 19:19:00
Bạc Liêu,Cầu số 2,0.0,2026-01-24 19:19:00
Bạc Liêu,Giá Rai,0.0,2026-01-24 19:19:00
Bạc Liêu,Hiệp Thành,0.0,2026-01-24 19:19:00
Bạc Liêu,Hưng Hội,0.0,2026-01-24 19:19:00
Bạc Liêu,Hưng Phú,0.0,2026-01-24 19:19:00
Bạc Liêu,Long Điền Tây,0.0,2026-01-24 19:19:00
Bạc Liêu,NT.Đông Hải,0.0,2026-01-24 19:19:00
Bạc Liêu,Ngan Dừa,12.4,2026-01-24 19:19:00
Bạc Liêu,Ngã Tư Ninh Quới,0.6,2026-01-24 19:19:00
Bạc Liêu,Ninh Thạnh Lợi,1.2,2026-01-24 19:19:00
