Tỉnh,Trạm,Xã/Phường,Lượng mưa (mm),Tình trạng,Ngày và giờ cập nhật,Thời gian crawl
Hà Nội,Vân Đình,xã Vân Đình,0.0,Không mưa,26/12/2025 19:00,26/12/2025 21:37:09
Hà Nội,Sóc Sơn,xã Sóc Sơn,0.0,Không mưa,26/12/2025 19:00,26/12/2025 21:37:09
Hà Nội,Trâu Quỳ,xã Gia Lâm,0.0,Không mưa,26/12/2025 19:00,26/12/2025 21:37:09
Hà Nội,Phúc Thọ,xã Phúc Lộc,0.0,Không mưa,26/12/2025 19:00,26/12/2025 21:37:09
Hà Nội,Hương Sơn,xã Hương Sơn,0.0,Không mưa,26/12/2025 19:00,26/12/2025 21:37:09
Hà Nội,Thường Tín,xã Thường Tín,0.0,Không mưa,26/12/2025 19:00,26/12/2025 21:37:09
Hà Nội,Đông Anh,xã Đông Anh,0.0,Không mưa,26/12/2025 19:00,26/12/2025 21:37:09
Hà Nội,Hoài Đức,xã Sơn Đồng,0.0,Không mưa,26/12/2025 19:00,26/12/2025 21:37:09
Hà Nội,Xuân Mai,xã Xuân Mai,0.0,Không mưa,26/12/2025 19:00,26/12/2025 21:37:09
Hà Nội,Thanh Trì,xã Thanh Trì,0.0,Không mưa,26/12/2025 19:00,26/12/2025 21:37:09
Hà Nội,Bất Bạt,xã Bất Bạt,0.0,Không mưa,26/12/2025 19:00,26/12/2025 21:37:09
Hà Nội,Kim Anh,xã Nội Bài,0.0,Không mưa,26/12/2025 19:00,26/12/2025 21:37:09
Hà Nội,Quốc Oai,xã Kiều Phú,0.0,Không mưa,26/12/2025 19:00,26/12/2025 21:37:09
Hà Nội,Quảng Oai,xã Quảng Oai,0.0,Không mưa,26/12/2025 19:00,26/12/2025 21:37:09
Hà Nội,Thạch Thất,xã Thạch Thất,0.0,Không mưa,26/12/2025 19:00,26/12/2025 21:37:09
Hà Nội,Chúc Sơn,phường Chương Mỹ,0.0,Không mưa,26/12/2025 19:00,26/12/2025 21:37:09
Hà Nội,Liên Mạc,phường Thượng Cát,0.0,Không mưa,26/12/2025 19:00,26/12/2025 21:37:09
Hà Nội,Phú Xuyên,xã Phượng Dực,0.0,Không mưa,26/12/2025 19:00,26/12/2025 21:37:09
Hà Nội,Cầu Rậm,xã Hồng Sơn,0.0,Không mưa,26/12/2025 19:00,26/12/2025 21:37:09
Hà Nội,Suối Hai,xã Bất Bạt,0.0,Không mưa,26/12/2025 19:00,26/12/2025 21:37:09
Hà Nội,Đập Đáy,xã Đan Phượng,0.0,Không mưa,26/12/2025 19:00,26/12/2025 21:37:09
Hà Nội,Miếu Môn,xã Trần Phú,0.0,Không mưa,26/12/2025 19:00,26/12/2025 21:37:09
Hà Nội,An Khánh,xã An Khánh,0.0,Không mưa,26/12/2025 19:00,26/12/2025 21:37:09
Hà Nội,Chợ Cháy,xã Ứng Hòa,0.0,Không mưa,26/12/2025 19:00,26/12/2025 21:37:09
Hà Nội,Thanh Oai,xã Thanh Oai,0.0,Không mưa,26/12/2025 19:00,26/12/2025 21:37:09
Cao Bằng,Kim Loan,xã Vinh Quý,0.0,Không mưa,26/12/2025 19:00,26/12/2025 21:37:09
Cao Bằng,Phi Hải,xã Quảng Uyên,0.0,Không mưa,26/12/2025 19:00,26/12/2025 21:37:09
Cao Bằng,Đức Long,xã Đức Long,0.0,Không mưa,26/12/2025 19:00,26/12/2025 21:37:09
Cao Bằng,Quang Vinh,xã Quang Hán,0.0,Không mưa,26/12/2025 19:00,26/12/2025 21:37:09
Cao Bằng,Sơn Lộ,xã Sơn Lộ,0.0,Không mưa,26/12/2025 19:00,26/12/2025 21:37:09
Cao Bằng,Cốc Pàng,xã Cốc Pàng,0.0,Không mưa,26/12/2025 19:00,26/12/2025 21:37:09
Cao Bằng,Thành Công,xã Thành Công,0.0,Không mưa,26/12/2025 19:00,26/12/2025 21:37:09
Cao Bằng,Minh Long,xã Lý Quốc,0.0,Không mưa,26/12/2025 19:00,26/12/2025 21:37:09
Cao Bằng,Thái Học,xã Yên Thổ,0.0,Không mưa,26/12/2025 19:00,26/12/2025 21:37:09
Cao Bằng,Cần Yên,xã Cần Yên,0.0,Không mưa,26/12/2025 19:00,26/12/2025 21:37:09
Cao Bằng,Đức Thông,xã Canh Tân,0.0,Không mưa,26/12/2025 19:00,26/12/2025 21:37:09
Cao Bằng,Minh Tâm,xã Minh Tâm,0.0,Không mưa,26/12/2025 19:00,26/12/2025 21:37:09
Cao Bằng,Thạch Lâm,xã Quảng Lâm,0.0,Không mưa,26/12/2025 19:00,26/12/2025 21:37:09
Cao Bằng,Đàm Thủy,xã Đàm Thủy,0.0,Không mưa,26/12/2025 19:00,26/12/2025 21:37:09
Cao Bằng,Cô Ba,xã Cô Ba,0.0,Không mưa,26/12/2025 19:00,26/12/2025 21:37:09
Cao Bằng,Tri Phương,xã Quang Trung,0.0,Không mưa,26/12/2025 19:00,26/12/2025 21:37:09
Cao Bằng,Yên Thổ,xã Yên Thổ,0.0,Không mưa,26/12/2025 19:00,26/12/2025 21:37:09
Cao Bằng,Cách Linh,xã Bế Văn Đàn,0.0,Không mưa,26/12/2025 19:00,26/12/2025 21:37:09
Cao Bằng,Tam Kim,xã Tam Kim,0.0,Không mưa,26/12/2025 19:00,26/12/2025 21:37:09
Cao Bằng,Trương Lương,xã Minh Tâm,0.0,Không mưa,26/12/2025 19:00,26/12/2025 21:37:09
Cao Bằng,Án Lại,xã Nguyễn Huệ,0.0,Không mưa,26/12/2025 19:00,26/12/2025 21:37:09
Cao Bằng,Trà Lĩnh,xã Trà Lĩnh,0.0,Không mưa,26/12/2025 19:00,26/12/2025 21:37:09
Cao Bằng,Quảng Uyên,xã Quảng Uyên,0.0,Không mưa,26/12/2025 19:00,26/12/2025 21:37:09
Cao Bằng,Thạch An,xã Đông Khê,0.0,Không mưa,26/12/2025 19:00,26/12/2025 21:37:09
Cao Bằng,Nà Ràng,xã Hà Quảng,0.0,Không mưa,26/12/2025 19:00,26/12/2025 21:37:09
Cao Bằng,Hạ Lang,xã Hạ Lang,0.0,Không mưa,26/12/2025 19:00,26/12/2025 21:37:09
Cao Bằng,Thông Nông,xã Thông Nông,0.0,Không mưa,26/12/2025 19:00,26/12/2025 21:37:09
Cao Bằng,Minh Thanh,xã Nguyên Bình,0.0,Không mưa,26/12/2025 19:00,26/12/2025 21:37:09
Cao Bằng,Tĩnh Túc,xã Tĩnh Túc,0.0,Không mưa,26/12/2025 19:00,26/12/2025 21:37:09
Cao Bằng,Năm Làng,xã Kim Đồng,0.0,Không mưa,26/12/2025 19:00,26/12/2025 21:37:09
Tuyên Quang,Đồng Quý,xã Đông Thọ,0.0,Không mưa,26/12/2025 19:00,26/12/2025 21:37:09
Tuyên Quang,Huyện Bắc Mê,xã Bắc Mê,0.0,Không mưa,26/12/2025 19:00,26/12/2025 21:37:09
Tuyên Quang,Phù Lưu,xã Phù Lưu,0.0,Không mưa,26/12/2025 19:00,26/12/2025 21:37:09
Tuyên Quang,Yên Lâm,xã Yên Phú,0.0,Không mưa,26/12/2025 19:00,26/12/2025 21:37:09
Tuyên Quang,Bình Phú,xã Yên Lập,0.0,Không mưa,26/12/2025 19:00,26/12/2025 21:37:09
Tuyên Quang,Hồng Thái,xã Hồng Thái,0.0,Không mưa,26/12/2025 19:00,26/12/2025 21:37:09
Tuyên Quang,Thượng Sơn,xã Thượng Sơn,0.0,Không mưa,26/12/2025 19:00,26/12/2025 21:37:09
Tuyên Quang,Nậm Ban,xã Tát Ngà,0.0,Không mưa,26/12/2025 19:00,26/12/2025 21:37:09
Tuyên Quang,Ngọc Long PCTT,xã Ngọc Long,0.0,Không mưa,26/12/2025 19:00,26/12/2025 21:37:09
Tuyên Quang,Hùng Đức,xã Hùng Đức,0.0,Không mưa,26/12/2025 19:00,26/12/2025 21:37:09
Tuyên Quang,Tiến Bộ,xã Thái Bình,0.0,Không mưa,26/12/2025 19:00,26/12/2025 21:37:09
Tuyên Quang,Lăng Quán,xã Yên Sơn,0.0,Không mưa,26/12/2025 19:00,26/12/2025 21:37:09
Tuyên Quang,Khuôn Hà,xã Thượng Lâm,0.0,Không mưa,26/12/2025 19:00,26/12/2025 21:37:09
Tuyên Quang,Hồ Ngòi Là,phường Minh Xuân,0.0,Không mưa,26/12/2025 19:00,26/12/2025 21:37:09
Tuyên Quang,Thượng Ấm,xã Bình Ca,0.0,Không mưa,26/12/2025 19:00,26/12/2025 21:37:09
Tuyên Quang,Minh Hương,xã Bình Xa,0.0,Không mưa,26/12/2025 19:00,26/12/2025 21:37:09
Tuyên Quang,Chi cục thủy lợi,phường Hà Giang 1,0.0,Không mưa,26/12/2025 19:00,26/12/2025 21:37:09
Tuyên Quang,Hòa An,xã Hòa An,0.0,Không mưa,26/12/2025 19:00,26/12/2025 21:37:09
Tuyên Quang,Thượng Lâm,xã Thượng Lâm,0.0,Không mưa,26/12/2025 19:00,26/12/2025 21:37:09
Tuyên Quang,Bản Díu PCTT,xã Xín Mần,0.0,Không mưa,26/12/2025 19:00,26/12/2025 21:37:09
Tuyên Quang,Tri Phú,xã Tri Phú,0.0,Không mưa,26/12/2025 19:00,26/12/2025 21:37:09
Tuyên Quang,Chế Là PCTT,xã Nấm Dẩn,0.0,Không mưa,26/12/2025 19:00,26/12/2025 21:37:09
Tuyên Quang,Mỹ Lâm,phường Mỹ Lâm,0.0,Không mưa,26/12/2025 19:00,26/12/2025 21:37:09
Tuyên Quang,Yên Nguyên,xã Yên Nguyên,0.0,Không mưa,26/12/2025 19:00,26/12/2025 21:37:09
Tuyên Quang,Xín Chải,xã Lao Chải,0.0,Không mưa,26/12/2025 19:00,26/12/2025 21:37:09
Tuyên Quang,Thượng Giáp,xã Thượng Nông,0.0,Không mưa,26/12/2025 19:00,26/12/2025 21:37:09
Tuyên Quang,Hoàng Khai,phường An Tường,0.0,Không mưa,26/12/2025 19:00,26/12/2025 21:37:09
Tuyên Quang,Hà Lang,xã Tân An,0.0,Không mưa,26/12/2025 19:00,26/12/2025 21:37:09
Tuyên Quang,Nà Chì,xã Khuôn Lùng,0.0,Không mưa,26/12/2025 19:00,26/12/2025 21:37:09
Tuyên Quang,Thanh Tương,xã Nà Hang,0.0,Không mưa,26/12/2025 19:00,26/12/2025 21:37:09
Tuyên Quang,Thu Tà,xã Trung Thịnh,0.0,Không mưa,26/12/2025 19:00,26/12/2025 21:37:09
Tuyên Quang,Minh Khương,xã Bạch Xa,0.0,Không mưa,26/12/2025 19:00,26/12/2025 21:37:09
Tuyên Quang,Tân Tiến,xã Tân Tiến,0.0,Không mưa,26/12/2025 19:00,26/12/2025 21:37:09
Tuyên Quang,Văn phòng BCH PCTT,phường Minh Xuân,0.0,Không mưa,26/12/2025 19:00,26/12/2025 21:37:09
Tuyên Quang,Tân Trịnh,xã Tân Trịnh,0.0,Không mưa,26/12/2025 19:00,26/12/2025 21:37:09
Tuyên Quang,Cao Bồ,xã Cao Bồ,0.0,Không mưa,26/12/2025 19:00,26/12/2025 21:37:09
Tuyên Quang,Sơn Phú,xã Hồng Thái,0.0,Không mưa,26/12/2025 19:00,26/12/2025 21:37:09
Tuyên Quang,Phú Bình,xã Kiên Đài,0.0,Không mưa,26/12/2025 19:00,26/12/2025 21:37:09
Tuyên Quang,Tiên Nguyên,xã Tiên Nguyên,0.0,Không mưa,26/12/2025 19:00,26/12/2025 21:37:09
Tuyên Quang,Tân Trào,xã Tân Trào,0.0,Không mưa,26/12/2025 19:00,26/12/2025 21:37:09
Tuyên Quang,Trung Hà,xã Trung Hà,0.0,Không mưa,26/12/2025 19:00,26/12/2025 21:37:09
Tuyên Quang,Trung Minh,xã Hùng Lợi,0.0,Không mưa,26/12/2025 19:00,26/12/2025 21:37:09
Tuyên Quang,Thuận Hòa PCTT,xã Thuận Hòa,0.0,Không mưa,26/12/2025 19:00,26/12/2025 21:37:09
Tuyên Quang,Bình An,xã Bình An,0.0,Không mưa,26/12/2025 19:00,26/12/2025 21:37:09
Tuyên Quang,Phúc Yên,xã Lâm Bình,0.0,Không mưa,26/12/2025 19:00,26/12/2025 21:37:09
Tuyên Quang,Bằng Cốc,xã Hàm Yên,0.0,Không mưa,26/12/2025 19:00,26/12/2025 21:37:09
Tuyên Quang,Thái Hòa,xã Thái Hòa,0.0,Không mưa,26/12/2025 19:00,26/12/2025 21:37:09
Tuyên Quang,Xuân Lập PCTT,xã Lâm Bình,0.0,Không mưa,26/12/2025 19:00,26/12/2025 21:37:09
Tuyên Quang,Minh Ngọc,xã Minh Ngọc,0.0,Không mưa,26/12/2025 19:00,26/12/2025 21:37:09
Tuyên Quang,Mỹ Bằng,phường Mỹ Lâm,0.0,Không mưa,26/12/2025 19:00,26/12/2025 21:37:09
Tuyên Quang,Bản Ngò PCTT,xã Pà Vầy Sủ,0.0,Không mưa,26/12/2025 19:00,26/12/2025 21:37:09
Tuyên Quang,Lao Chải PCTT,xã Lao Chải,0.0,Không mưa,26/12/2025 19:00,26/12/2025 21:37:09
Tuyên Quang,Kiến Thiết,xã Kiến Thiết,0.0,Không mưa,26/12/2025 19:00,26/12/2025 21:37:09
Tuyên Quang,Đà Vị,xã Hồng Thái,0.0,Không mưa,26/12/2025 19:00,26/12/2025 21:37:09
Tuyên Quang,Tân Thanh,xã Tân Thanh,0.0,Không mưa,26/12/2025 19:00,26/12/2025 21:37:09
Tuyên Quang,Thiện Kế,xã Sơn Thủy,0.0,Không mưa,26/12/2025 19:00,26/12/2025 21:37:09
Tuyên Quang,Khâu Tinh,xã Yên Hoa,0.0,Không mưa,26/12/2025 19:00,26/12/2025 21:37:09
Tuyên Quang,Đông Lợi,xã Trường Sinh,0.0,Không mưa,26/12/2025 19:00,26/12/2025 21:37:09
Tuyên Quang,Linh Phú,xã Tri Phú,0.0,Không mưa,26/12/2025 19:00,26/12/2025 21:37:09
Tuyên Quang,Thành Long,xã Thái Sơn,0.0,Không mưa,26/12/2025 19:00,26/12/2025 21:37:09
Tuyên Quang,Kiên Đài,xã Kiên Đài,0.0,Không mưa,26/12/2025 19:00,26/12/2025 21:37:09
Tuyên Quang,Hùng Mỹ,xã Tân Mỹ,0.0,Không mưa,26/12/2025 19:00,26/12/2025 21:37:09
Tuyên Quang,Nhữ Hán,xã Nhữ Khê,0.0,Không mưa,26/12/2025 19:00,26/12/2025 21:37:09
Tuyên Quang,Ninh Lai,xã Sơn Thủy,0.0,Không mưa,26/12/2025 19:00,26/12/2025 21:37:09
Tuyên Quang,Đội Bình,xã Nhữ Khê,0.0,Không mưa,26/12/2025 19:00,26/12/2025 21:37:09
Tuyên Quang,Quyết Tiến,xã Quản Bạ,0.0,Không mưa,26/12/2025 19:00,26/12/2025 21:37:09
Tuyên Quang,Thị trấn Cốc Pài,xã Pà Vầy Sủ,0.0,Không mưa,26/12/2025 19:00,26/12/2025 21:37:09
Tuyên Quang,Tam Đa,xã Phú Lương,0.0,Không mưa,26/12/2025 19:00,26/12/2025 21:37:09
Tuyên Quang,Sinh Long,xã Côn Lôn,0.0,Không mưa,26/12/2025 19:00,26/12/2025 21:37:09
Tuyên Quang,Phúc Sơn,xã Minh Quang,0.0,Không mưa,26/12/2025 19:00,26/12/2025 21:37:09
Tuyên Quang,Yên Thuận,xã Bạch Xa,0.0,Không mưa,26/12/2025 19:00,26/12/2025 21:37:09
Tuyên Quang,Phúc Ninh,xã Xuân Vân,0.0,Không mưa,26/12/2025 19:00,26/12/2025 21:37:09
Tuyên Quang,Du Già,xã Du Già,0.0,Không mưa,26/12/2025 19:00,26/12/2025 21:37:09
Tuyên Quang,Chi Thiết,xã Hồng Sơn,0.0,Không mưa,26/12/2025 19:00,26/12/2025 21:37:09
Tuyên Quang,Lao Chải,xã Lao Chải,0.0,Không mưa,26/12/2025 19:00,26/12/2025 21:37:09
Tuyên Quang,Tân Nam 1,xã Quang Bình,0.0,Không mưa,26/12/2025 19:00,26/12/2025 21:37:09
Tuyên Quang,Yên Phong,xã Bắc Mê,0.0,Không mưa,26/12/2025 19:00,26/12/2025 21:37:09
Tuyên Quang,Thượng Sơn 2,xã Thượng Sơn,0.0,Không mưa,26/12/2025 19:00,26/12/2025 21:37:09
Tuyên Quang,Tiên Nguyên 1,xã Tiên Nguyên,0.0,Không mưa,26/12/2025 19:00,26/12/2025 21:37:09
Tuyên Quang,Phú Nam 2,xã Đường Hồng,0.0,Không mưa,26/12/2025 19:00,26/12/2025 21:37:09
Tuyên Quang,Minh Quang,xã Minh Quang,0.0,Không mưa,26/12/2025 19:00,26/12/2025 21:37:09
Tuyên Quang,Ngam La 2,xã Mậu Duệ,0.0,Không mưa,26/12/2025 19:00,26/12/2025 21:37:09
Tuyên Quang,Yên Phú,xã Bắc Mê,0.0,Không mưa,26/12/2025 19:00,26/12/2025 21:37:09
Tuyên Quang,Tùng Bá 2,xã Tùng Bá,0.0,Không mưa,26/12/2025 19:00,26/12/2025 21:37:09
Tuyên Quang,Thanh Thủy,xã Thanh Thủy,0.0,Không mưa,26/12/2025 19:00,26/12/2025 21:37:09
Tuyên Quang,Tùng Bá 1,xã Tùng Bá,0.0,Không mưa,26/12/2025 19:00,26/12/2025 21:37:09
Tuyên Quang,Bạch Ngọc 2,xã Bạch Ngọc,0.0,Không mưa,26/12/2025 19:00,26/12/2025 21:37:09
Tuyên Quang,Du Già 2,xã Du Già,0.0,Không mưa,26/12/2025 19:00,26/12/2025 21:37:09
Tuyên Quang,Xuân Minh 2,xã Thông Nguyên,0.0,Không mưa,26/12/2025 19:00,26/12/2025 21:37:09
Tuyên Quang,Bản Ngò,xã Pà Vầy Sủ,0.0,Không mưa,26/12/2025 19:00,26/12/2025 21:37:09
Tuyên Quang,Yên Bình,xã Quang Bình,0.0,Không mưa,26/12/2025 19:00,26/12/2025 21:37:09
Tuyên Quang,Tân Nam 2,xã Quang Bình,0.0,Không mưa,26/12/2025 19:00,26/12/2025 21:37:09
Tuyên Quang,Minh Sơn 1,xã Minh Sơn,0.0,Không mưa,26/12/2025 19:00,26/12/2025 21:37:09
Tuyên Quang,Thàng Tín,xã Thàng Tín,0.0,Không mưa,26/12/2025 19:00,26/12/2025 21:37:09
Tuyên Quang,Yên Minh 1,xã Yên Minh,0.0,Không mưa,26/12/2025 19:00,26/12/2025 21:37:09
Tuyên Quang,Bản Phùng,xã Bản Máy,0.0,Không mưa,26/12/2025 19:00,26/12/2025 21:37:09
Tuyên Quang,Cao Bồ 1,xã Cao Bồ,0.0,Không mưa,26/12/2025 19:00,26/12/2025 21:37:09
Tuyên Quang,Bản Díu,xã Xín Mần,0.0,Không mưa,26/12/2025 19:00,26/12/2025 21:37:09
Tuyên Quang,Bản Ngần,xã Việt Lâm,0.0,Không mưa,26/12/2025 19:00,26/12/2025 21:37:09
Tuyên Quang,Thanh Đức,xã Lao Chải,0.0,Không mưa,26/12/2025 19:00,26/12/2025 21:37:09
Tuyên Quang,Đồng Tâm,xã Đồng Tâm,0.0,Không mưa,26/12/2025 19:00,26/12/2025 21:37:09
Tuyên Quang,Lũng Hồ 1,xã Đường Thượng,0.0,Không mưa,26/12/2025 19:00,26/12/2025 21:37:09
Tuyên Quang,Tân Lập 1,xã Tân Quang,0.0,Không mưa,26/12/2025 19:00,26/12/2025 21:37:09
Tuyên Quang,Nậm Khòa,xã Hồ Thầu,0.0,Không mưa,26/12/2025 19:00,26/12/2025 21:37:09
Tuyên Quang,Yên Cường,xã Yên Cường,0.0,Không mưa,26/12/2025 19:00,26/12/2025 21:37:09
Tuyên Quang,Sơn Nam,xã Sơn Thủy,0.0,Không mưa,26/12/2025 19:00,26/12/2025 21:37:09
Tuyên Quang,Vĩnh Phúc,xã Đồng Yên,0.0,Không mưa,26/12/2025 19:00,26/12/2025 21:37:09
Tuyên Quang,Bản Nhùng,xã Tân Tiến,0.0,Không mưa,26/12/2025 19:00,26/12/2025 21:37:09
Tuyên Quang,Thuận Hòa,xã Thuận Hòa,0.0,Không mưa,26/12/2025 19:00,26/12/2025 21:37:09
Tuyên Quang,Nàng Đôn,xã Pờ Ly Ngài,0.0,Không mưa,26/12/2025 19:00,26/12/2025 21:37:09
Tuyên Quang,Mậu Long,xã Mậu Duệ,0.0,Không mưa,26/12/2025 19:00,26/12/2025 21:37:09
Tuyên Quang,Kim Quan,xã Tân Trào,0.0,Không mưa,26/12/2025 19:00,26/12/2025 21:37:09
Tuyên Quang,Nậm Ty,xã Nậm Dịch,0.0,Không mưa,26/12/2025 19:00,26/12/2025 21:37:09
Tuyên Quang,Tân Lập 2,xã Tân Quang,0.0,Không mưa,26/12/2025 19:00,26/12/2025 21:37:09
Tuyên Quang,Tiên Nguyên 2,xã Tiên Nguyên,0.0,Không mưa,26/12/2025 19:00,26/12/2025 21:37:09
Tuyên Quang,Ngọc Long,xã Ngọc Long,0.0,Không mưa,26/12/2025 19:00,26/12/2025 21:37:09
Tuyên Quang,Ngam La 1,xã Mậu Duệ,0.0,Không mưa,26/12/2025 19:00,26/12/2025 21:37:09
Tuyên Quang,Chiến Phố,xã Bản Máy,0.0,Không mưa,26/12/2025 19:00,26/12/2025 21:37:09
Tuyên Quang,Phương Độ,phường Hà Giang 1,0.0,Không mưa,26/12/2025 19:00,26/12/2025 21:37:09
Tuyên Quang,Yên Định,xã Ngọc Đường,0.0,Không mưa,26/12/2025 19:00,26/12/2025 21:37:09
Tuyên Quang,Quảng Ngần,xã Việt Lâm,0.0,Không mưa,26/12/2025 19:00,26/12/2025 21:37:09
Tuyên Quang,Lạc Nông 1,xã Bắc Mê,0.0,Không mưa,26/12/2025 19:00,26/12/2025 21:37:09
Tuyên Quang,Minh Sơn 2,xã Minh Sơn,0.0,Không mưa,26/12/2025 19:00,26/12/2025 21:37:09
Tuyên Quang,Du Già 3,xã Du Già,0.0,Không mưa,26/12/2025 19:00,26/12/2025 21:37:09
Tuyên Quang,Hồ Thầu 2,xã Hồ Thầu,0.0,Không mưa,26/12/2025 19:00,26/12/2025 21:37:09
Tuyên Quang,Thượng Sơn 1,xã Thượng Sơn,0.0,Không mưa,26/12/2025 19:00,26/12/2025 21:37:09
Tuyên Quang,Đông Hà 2,xã Lùng Tám,0.0,Không mưa,26/12/2025 19:00,26/12/2025 21:37:09
Tuyên Quang,Việt Vinh,xã Bắc Quang,0.0,Không mưa,26/12/2025 19:00,26/12/2025 21:37:09
Tuyên Quang,Giáp Trung,xã Giáp Trung,0.0,Không mưa,26/12/2025 19:00,26/12/2025 21:37:09
Tuyên Quang,Phú Nam 1,xã Đường Hồng,0.0,Không mưa,26/12/2025 19:00,26/12/2025 21:37:09
Tuyên Quang,Việt Lâm,xã Việt Lâm,0.0,Không mưa,26/12/2025 19:00,26/12/2025 21:37:09
Tuyên Quang,Quản Bạ,xã Quản Bạ,0.0,Không mưa,26/12/2025 19:00,26/12/2025 21:37:09
Tuyên Quang,Lăng Can 1,xã Lâm Bình,0.0,Không mưa,26/12/2025 19:00,26/12/2025 21:37:09
Tuyên Quang,Bạch Ngọc 1,xã Bạch Ngọc,0.0,Không mưa,26/12/2025 19:00,26/12/2025 21:37:09
Tuyên Quang,Yên Hoa,xã Yên Hoa,0.0,Không mưa,26/12/2025 19:00,26/12/2025 21:37:09
Tuyên Quang,Bản Péo,xã Nậm Dịch,0.0,Không mưa,26/12/2025 19:00,26/12/2025 21:37:09
Tuyên Quang,Cốc Rế,xã Trung Thịnh,0.0,Không mưa,26/12/2025 19:00,26/12/2025 21:37:09
Tuyên Quang,Chế Là,xã Nấm Dẩn,0.0,Không mưa,26/12/2025 19:00,26/12/2025 21:37:09
Tuyên Quang,Kỳ Lâm,xã Sơn Dương,0.0,Không mưa,26/12/2025 19:00,26/12/2025 21:37:09
Tuyên Quang,Thái An,xã Lùng Tám,0.0,Không mưa,26/12/2025 19:00,26/12/2025 21:37:09
Tuyên Quang,Cao Bồ 2,xã Cao Bồ,0.0,Không mưa,26/12/2025 19:00,26/12/2025 21:37:09
Tuyên Quang,Nấm Dẩn 2,xã Nấm Dẩn,0.0,Không mưa,26/12/2025 19:00,26/12/2025 21:37:09
Tuyên Quang,Linh Hồ,xã Linh Hồ,0.0,Không mưa,26/12/2025 19:00,26/12/2025 21:37:09
Tuyên Quang,Nậm Ban 2,xã Tát Ngà,0.0,Không mưa,26/12/2025 19:00,26/12/2025 21:37:09
Tuyên Quang,Xuân Giang 1,xã Xuân Giang,0.0,Không mưa,26/12/2025 19:00,26/12/2025 21:37:09
Tuyên Quang,Mèo Vạc,xã Mèo Vạc,0.0,Không mưa,26/12/2025 19:00,26/12/2025 21:37:09
Tuyên Quang,Nậm Dịch,xã Nậm Dịch,0.0,Không mưa,26/12/2025 19:00,26/12/2025 21:37:09
Tuyên Quang,Hồ Thầu 1,xã Hồ Thầu,0.0,Không mưa,26/12/2025 19:00,26/12/2025 21:37:09
Tuyên Quang,Bản Rịa,xã Yên Thành,0.0,Không mưa,26/12/2025 19:00,26/12/2025 21:37:09
Tuyên Quang,Nậm Ban 1,xã Tát Ngà,0.0,Không mưa,26/12/2025 19:00,26/12/2025 21:37:09
Tuyên Quang,Quảng Nguyên,xã Quảng Nguyên,0.0,Không mưa,26/12/2025 19:00,26/12/2025 21:37:09
Tuyên Quang,Đạo Viện 1,xã Trung Sơn,0.0,Không mưa,26/12/2025 19:00,26/12/2025 21:37:09
Tuyên Quang,Vĩ Thượng,xã Tiên Yên,0.0,Không mưa,26/12/2025 19:00,26/12/2025 21:37:09
Tuyên Quang,Xuân Lập,xã Lâm Bình,0.0,Không mưa,26/12/2025 19:00,26/12/2025 21:37:09
Tuyên Quang,Đông Hà 1,xã Lùng Tám,0.0,Không mưa,26/12/2025 19:00,26/12/2025 21:37:09
Tuyên Quang,Xuân Minh 1,xã Thông Nguyên,0.0,Không mưa,26/12/2025 19:00,26/12/2025 21:37:09
Tuyên Quang,Túng Sán,xã Tân Tiến,0.0,Không mưa,26/12/2025 19:00,26/12/2025 21:37:09
Tuyên Quang,Trung Thành,xã Linh Hồ,0.0,Không mưa,26/12/2025 19:00,26/12/2025 21:37:09
Lào Cai,Bản Mế,xã Sín Chéng,0.0,Không mưa,26/12/2025 19:00,26/12/2025 21:37:09
Lào Cai,Thượng Hà 1,xã Thượng Hà,0.0,Không mưa,26/12/2025 19:00,26/12/2025 21:37:09
Lào Cai,Nậm Xé,xã Nậm Xé,0.0,Không mưa,26/12/2025 19:00,26/12/2025 21:37:09
Lào Cai,Túc Đán 2,xã Trạm Tấu,0.0,Không mưa,26/12/2025 19:00,26/12/2025 21:37:09
Lào Cai,Nậm Mười 2,xã Sơn Lương,0.0,Không mưa,26/12/2025 19:00,26/12/2025 21:37:09
Lào Cai,Nậm Búng 2,xã Gia Hội,0.0,Không mưa,26/12/2025 19:00,26/12/2025 21:37:09
Lào Cai,Âu Lâu,phường Âu Lâu,0.0,Không mưa,26/12/2025 19:00,26/12/2025 21:37:09
Lào Cai,Yên Sơn,xã Bảo Yên,0.0,Không mưa,26/12/2025 19:00,26/12/2025 21:37:09
Lào Cai,An Bình,xã Đông Cuông,0.0,Không mưa,26/12/2025 19:00,26/12/2025 21:37:09
Lào Cai,Túc Đán,xã Trạm Tấu,0.0,Không mưa,26/12/2025 19:00,26/12/2025 21:37:09
Lào Cai,An Lạc,xã Khánh Hòa,0.0,Không mưa,26/12/2025 19:00,26/12/2025 21:37:09
Lào Cai,Tân Nguyên,xã Bảo Ái,0.0,Không mưa,26/12/2025 19:00,26/12/2025 21:37:09
Lào Cai,Hoàng Liên,xã Tả Van,0.0,Không mưa,26/12/2025 19:00,26/12/2025 21:37:09
Lào Cai,Cốc Ly,xã Bảo Nhai,0.0,Không mưa,26/12/2025 19:00,26/12/2025 21:37:09
Lào Cai,Nậm Búng 1,xã Gia Hội,0.0,Không mưa,26/12/2025 19:00,26/12/2025 21:37:09
Lào Cai,Tú Lệ 3,xã Tú Lệ,0.0,Không mưa,26/12/2025 19:00,26/12/2025 21:37:09
Lào Cai,Pá Hu,xã Trạm Tấu,0.0,Không mưa,26/12/2025 19:00,26/12/2025 21:37:09
Lào Cai,Thủy điện Bắc Hà,xã Bảo Nhai,0.0,Không mưa,26/12/2025 19:00,26/12/2025 21:37:09
Lào Cai,Trịnh Tường 1,xã Trịnh Tường,0.0,Không mưa,26/12/2025 19:00,26/12/2025 21:37:09
Lào Cai,Chế Tạo 1,xã Chế Tạo,0.0,Không mưa,26/12/2025 19:00,26/12/2025 21:37:09
Lào Cai,Bảo Ái 1,xã Bảo Ái,0.0,Không mưa,26/12/2025 19:00,26/12/2025 21:37:09
Lào Cai,Đại Sơn 2,xã Tân Hợp,0.0,Không mưa,26/12/2025 19:00,26/12/2025 21:37:09
Lào Cai,Nậm Lành 2,xã Gia Hội,0.0,Không mưa,26/12/2025 19:00,26/12/2025 21:37:09
Lào Cai,Lùng Vai,xã Bản Lầu,0.0,Không mưa,26/12/2025 19:00,26/12/2025 21:37:09
Lào Cai,Nậm Chảy,xã Mường Khương,0.0,Không mưa,26/12/2025 19:00,26/12/2025 21:37:09
Lào Cai,Tân Lĩnh 1,xã Tân Lĩnh,0.0,Không mưa,26/12/2025 19:00,26/12/2025 21:37:09
Lào Cai,Hồng Ca 1,xã Hưng Khánh,0.0,Không mưa,26/12/2025 19:00,26/12/2025 21:37:09
Lào Cai,Bản Công,xã Hạnh Phúc,0.0,Không mưa,26/12/2025 19:00,26/12/2025 21:37:09
Lào Cai,Sơn Thủy,xã Văn Bàn,0.0,Không mưa,26/12/2025 19:00,26/12/2025 21:37:09
Lào Cai,Tả Củ Tỷ,xã Tả Củ Tỷ,0.0,Không mưa,26/12/2025 19:00,26/12/2025 21:37:09
Lào Cai,Tả Gia Khâu,xã Pha Long,0.0,Không mưa,26/12/2025 19:00,26/12/2025 21:37:09
Lào Cai,Tân Dương,xã Xuân Hòa,0.0,Không mưa,26/12/2025 19:00,26/12/2025 21:37:09
Lào Cai,Việt Tiến,xã Phúc Khánh,0.0,Không mưa,26/12/2025 19:00,26/12/2025 21:37:09
Lào Cai,Hòa Mạc,xã Văn Bàn,0.0,Không mưa,26/12/2025 19:00,26/12/2025 21:37:09
Lào Cai,Tô Mậu,xã Khánh Hòa,0.0,Không mưa,26/12/2025 19:00,26/12/2025 21:37:09
Lào Cai,Cốc Mỳ 2,xã Trịnh Tường,0.0,Không mưa,26/12/2025 19:00,26/12/2025 21:37:09
Lào Cai,Trạm Tấu,xã Hạnh Phúc,0.0,Không mưa,26/12/2025 19:00,26/12/2025 21:37:09
Lào Cai,Lâm Thượng PCTT,xã Lâm Thượng,0.0,Không mưa,26/12/2025 19:00,26/12/2025 21:37:09
Lào Cai,Tân Dương 1,xã Xuân Hòa,0.0,Không mưa,26/12/2025 19:00,26/12/2025 21:37:09
Lào Cai,Khánh Hoà 1,xã Khánh Hòa,0.0,Không mưa,26/12/2025 19:00,26/12/2025 21:37:09
Lào Cai,Nậm Chạc,xã A Mú Sung,0.0,Không mưa,26/12/2025 19:00,26/12/2025 21:37:09
Lào Cai,Tả Van Chư,xã Lùng Phình,0.0,Không mưa,26/12/2025 19:00,26/12/2025 21:37:09
Lào Cai,Mậu A,xã Mậu A,0.0,Không mưa,26/12/2025 19:00,26/12/2025 21:37:09
Lào Cai,Mường Hum,xã Mường Hum,0.0,Không mưa,26/12/2025 19:00,26/12/2025 21:37:09
Lào Cai,Xuân Thượng PCTT,xã Bảo Yên,0.0,Không mưa,26/12/2025 19:00,26/12/2025 21:37:09
Lào Cai,Thạch Lương,phường Cầu Thia,0.0,Không mưa,26/12/2025 19:00,26/12/2025 21:37:09
Lào Cai,Trung Lèng Hồ PCTT,xã Mường Hum,0.0,Không mưa,26/12/2025 19:00,26/12/2025 21:37:09
Lào Cai,La Pan Tẩn,xã Cao Sơn,0.0,Không mưa,26/12/2025 19:00,26/12/2025 21:37:09
Lào Cai,P.Yên Ninh,phường Yên Bái,0.0,Không mưa,26/12/2025 19:00,26/12/2025 21:37:09
Lào Cai,Kim Sơn,xã Bảo Hà,0.0,Không mưa,26/12/2025 19:00,26/12/2025 21:37:09
Lào Cai,Cam Cọn,xã Bảo Hà,0.0,Không mưa,26/12/2025 19:00,26/12/2025 21:37:09
Lào Cai,Cốc Lầu,xã Cốc Lầu,0.0,Không mưa,26/12/2025 19:00,26/12/2025 21:37:09
Lào Cai,Cổ Phúc,xã Trấn Yên,0.0,Không mưa,26/12/2025 19:00,26/12/2025 21:37:09
Lào Cai,Ý Tý,xã Y Tý,0.0,Không mưa,26/12/2025 19:00,26/12/2025 21:37:09
Lào Cai,Khai trường Mỏ tuyển Đồng Sin Quyền,xã Bát Xát,0.0,Không mưa,26/12/2025 19:00,26/12/2025 21:37:09
Lào Cai,Minh Tân,xã Thượng Hà,0.0,Không mưa,26/12/2025 19:00,26/12/2025 21:37:09
Lào Cai,Khau Phạ,xã Púng Luông,0.0,Không mưa,26/12/2025 19:00,26/12/2025 21:37:09
Lào Cai,Lương Thịnh,xã Lương Thịnh,0.0,Không mưa,26/12/2025 19:00,26/12/2025 21:37:09
Lào Cai,Mường Lai,xã Mường Lai,0.0,Không mưa,26/12/2025 19:00,26/12/2025 21:37:09
Lào Cai,Minh Tiến,xã Mường Lai,0.0,Không mưa,26/12/2025 19:00,26/12/2025 21:37:09
Lào Cai,Tú Lệ 2,xã Tú Lệ,0.0,Không mưa,26/12/2025 19:00,26/12/2025 21:37:09
Lào Cai,Xuân Thượng,xã Bảo Yên,0.0,Không mưa,26/12/2025 19:00,26/12/2025 21:37:09
Lào Cai,Nậm Lúc 1,xã Cốc Lầu,0.0,Không mưa,26/12/2025 19:00,26/12/2025 21:37:09
Lào Cai,Nậm Mòn,xã Bắc Hà,0.0,Không mưa,26/12/2025 19:00,26/12/2025 21:37:09
Lào Cai,Mồ Dề 1,xã Mù Cang Chải,0.0,Không mưa,26/12/2025 19:00,26/12/2025 21:37:09
Lào Cai,Hưng Khánh 1,xã Hưng Khánh,0.0,Không mưa,26/12/2025 19:00,26/12/2025 21:37:09
Lào Cai,Dương Quỳ,xã Dương Quỳ,0.0,Không mưa,26/12/2025 19:00,26/12/2025 21:37:09
Lào Cai,Cốc Mỳ 1,xã Bát Xát,0.0,Không mưa,26/12/2025 19:00,26/12/2025 21:37:09
Lào Cai,An Lương,xã Mỏ Vàng,0.0,Không mưa,26/12/2025 19:00,26/12/2025 21:37:09
Lào Cai,Chấn Thịnh PCTT,xã Chấn Thịnh,0.0,Không mưa,26/12/2025 19:00,26/12/2025 21:37:09
Lào Cai,Ô Quý Hồ,phường Sa Pa,0.0,Không mưa,26/12/2025 19:00,26/12/2025 21:37:09
Lào Cai,Khao Mang,xã Khao Mang,0.0,Không mưa,26/12/2025 19:00,26/12/2025 21:37:09
Lào Cai,Bảo Hà 2,xã Bảo Hà,0.0,Không mưa,26/12/2025 19:00,26/12/2025 21:37:09
Lào Cai,Tân Hợp 2,xã Tân Hợp,0.0,Không mưa,26/12/2025 19:00,26/12/2025 21:37:09
Lào Cai,Kim Nọi 1,xã Mù Cang Chải,0.0,Không mưa,26/12/2025 19:00,26/12/2025 21:37:09
Lào Cai,Yên Bình,xã Yên Bình,0.0,Không mưa,26/12/2025 19:00,26/12/2025 21:37:09
Lào Cai,Suối Giàng,xã Văn Chấn,0.0,Không mưa,26/12/2025 19:00,26/12/2025 21:37:09
Lào Cai,Mường Vi,xã Bản Xèo,0.0,Không mưa,26/12/2025 19:00,26/12/2025 21:37:09
Lào Cai,Thủy điện Séo Chông Hô,xã Tả Van,0.0,Không mưa,26/12/2025 19:00,26/12/2025 21:37:09
Lào Cai,Bản Khoang,xã Ngũ Chỉ Sơn,0.0,Không mưa,26/12/2025 19:00,26/12/2025 21:37:09
Lào Cai,Sơn Thịnh PCTT,xã Văn Chấn,0.0,Không mưa,26/12/2025 19:00,26/12/2025 21:37:09
Lào Cai,Hưng Khánh 2,xã Hưng Khánh,0.0,Không mưa,26/12/2025 19:00,26/12/2025 21:37:09
Lào Cai,Mỏ Vàng,xã Mỏ Vàng,0.0,Không mưa,26/12/2025 19:00,26/12/2025 21:37:09
Lào Cai,Nậm Có,xã Nậm Có,0.0,Không mưa,26/12/2025 19:00,26/12/2025 21:37:09
Lào Cai,Sơn Thủy PCTT,xã Văn Bàn,0.0,Không mưa,26/12/2025 19:00,26/12/2025 21:37:09
Lào Cai,Lùng Cải,xã Tả Củ Tỷ,0.0,Không mưa,26/12/2025 19:00,26/12/2025 21:37:09
Lào Cai,Hòa Mạc PCTT,xã Văn Bàn,0.0,Không mưa,26/12/2025 19:00,26/12/2025 21:37:09
Lào Cai,Châu Quế Thượng,xã Châu Quế,0.0,Không mưa,26/12/2025 19:00,26/12/2025 21:37:09
Lào Cai,Mù Cang Chải,xã Mù Cang Chải,0.0,Không mưa,26/12/2025 19:00,26/12/2025 21:37:09
Lào Cai,A Lù PCTT,xã Y Tý,0.0,Không mưa,26/12/2025 19:00,26/12/2025 21:37:09
Lào Cai,Trung Lèng Hồ,xã Mường Hum,0.0,Không mưa,26/12/2025 19:00,26/12/2025 21:37:09
Lào Cai,Nậm Đét,xã Bảo Nhai,0.0,Không mưa,26/12/2025 19:00,26/12/2025 21:37:09
Lào Cai,Sín Chéng,xã Sín Chéng,0.0,Không mưa,26/12/2025 19:00,26/12/2025 21:37:09
Lào Cai,A Lù,xã Y Tý,0.0,Không mưa,26/12/2025 19:00,26/12/2025 21:37:09
Lào Cai,Suối Quyền,xã Sơn Lương,0.0,Không mưa,26/12/2025 19:00,26/12/2025 21:37:09
Lào Cai,Việt Cường PCTT,xã Việt Hồng,0.0,Không mưa,26/12/2025 19:00,26/12/2025 21:37:09
Lào Cai,Thủy điện Tà Thàng,xã Mường Bo,0.0,Không mưa,26/12/2025 19:00,26/12/2025 21:37:09
Lào Cai,Hòa Cuông,xã Trấn Yên,0.0,Không mưa,26/12/2025 19:00,26/12/2025 21:37:09
Lào Cai,Tân Phượng 2,xã Lâm Thượng,0.0,Không mưa,26/12/2025 19:00,26/12/2025 21:37:09
Lào Cai,Sơn Lương,xã Sơn Lương,0.0,Không mưa,26/12/2025 19:00,26/12/2025 21:37:09
Lào Cai,Khánh Hòa 2,xã Khánh Hòa,0.0,Không mưa,26/12/2025 19:00,26/12/2025 21:37:09
Lào Cai,Cao Sơn,xã Cao Sơn,0.0,Không mưa,26/12/2025 19:00,26/12/2025 21:37:09
Lào Cai,Nam Cường,phường Cam Đường,0.0,Không mưa,26/12/2025 19:00,26/12/2025 21:37:09
Lào Cai,Đông An,xã Đông Cuông,0.0,Không mưa,26/12/2025 19:00,26/12/2025 21:37:09
Lào Cai,Mù Cang Chải PCTT,xã Mù Cang Chải,0.0,Không mưa,26/12/2025 19:00,26/12/2025 21:37:09
Lào Cai,Gia Phú,xã Gia Phú,0.0,Không mưa,26/12/2025 19:00,26/12/2025 21:37:09
Lào Cai,Trung Tâm 2,xã Phúc Lợi,0.0,Không mưa,26/12/2025 19:00,26/12/2025 21:37:09
Lào Cai,Nam Cường PCTT,phường Cam Đường,0.0,Không mưa,26/12/2025 19:00,26/12/2025 21:37:09
Lào Cai,Nghĩa An,phường Nghĩa Lộ,0.0,Không mưa,26/12/2025 19:00,26/12/2025 21:37:09
Lào Cai,Xuân Long,xã Cảm Nhân,0.0,Không mưa,26/12/2025 19:00,26/12/2025 21:37:09
Lào Cai,Sơn A,xã Liên Sơn,0.0,Không mưa,26/12/2025 19:00,26/12/2025 21:37:09
Lào Cai,An Lương 2,xã Mỏ Vàng,0.0,Không mưa,26/12/2025 19:00,26/12/2025 21:37:09
Lào Cai,A Mú Sung,xã A Mú Sung,0.0,Không mưa,26/12/2025 19:00,26/12/2025 21:37:09
Lào Cai,Nậm Có 1,xã Nậm Có,0.0,Không mưa,26/12/2025 19:00,26/12/2025 21:37:09
Lào Cai,Tả Phời,xã Hợp Thành,0.0,Không mưa,26/12/2025 19:00,26/12/2025 21:37:09
Lào Cai,Thượng Hà 2,xã Thượng Hà,0.0,Không mưa,26/12/2025 19:00,26/12/2025 21:37:09
Lào Cai,Tà Si Láng PCTT,xã Tà Xi Láng,0.0,Không mưa,26/12/2025 19:00,26/12/2025 21:37:09
Lào Cai,Hồ Bốn,xã Khao Mang,0.0,Không mưa,26/12/2025 19:00,26/12/2025 21:37:09
Lào Cai,Cao Sơn PCTT,xã Cao Sơn,0.0,Không mưa,26/12/2025 19:00,26/12/2025 21:37:09
Lào Cai,Chi cục thủy lợi,phường Yên Bái,0.0,Không mưa,26/12/2025 19:00,26/12/2025 21:37:09
Lào Cai,Xã Bản Mù,xã Phình Hồ,0.0,Không mưa,26/12/2025 19:00,26/12/2025 21:37:09
Lào Cai,Chấn Thịnh,xã Chấn Thịnh,0.0,Không mưa,26/12/2025 19:00,26/12/2025 21:37:09
Lào Cai,Nậm Xây 1,xã Minh Lương,0.0,Không mưa,26/12/2025 19:00,26/12/2025 21:37:09
Lào Cai,Gia Hội PCTT,xã Gia Hội,0.0,Không mưa,26/12/2025 19:00,26/12/2025 21:37:09
Lào Cai,Lâm Thượng,xã Lâm Thượng,0.0,Không mưa,26/12/2025 19:00,26/12/2025 21:37:09
Lào Cai,Mường Hoa,xã Tả Van,0.0,Không mưa,26/12/2025 19:00,26/12/2025 21:37:09
Lào Cai,Tân Đồng PCTT,xã Trấn Yên,0.0,Không mưa,26/12/2025 19:00,26/12/2025 21:37:09
Lào Cai,Sơn Thịnh,xã Văn Chấn,0.0,Không mưa,26/12/2025 19:00,26/12/2025 21:37:09
Lào Cai,Phong Dụ Thượng 1,xã Phong Dụ Thượng,0.0,Không mưa,26/12/2025 19:00,26/12/2025 21:37:09
Lào Cai,Sùng Đô,xã Sơn Lương,0.0,Không mưa,26/12/2025 19:00,26/12/2025 21:37:09
Lào Cai,Phúc Lợi,xã Phúc Lợi,0.0,Không mưa,26/12/2025 19:00,26/12/2025 21:37:09
Lào Cai,Lương Sơn,xã Bảo Yên,0.0,Không mưa,26/12/2025 19:00,26/12/2025 21:37:09
Lào Cai,Lương Sơn PCTT,xã Bảo Yên,0.0,Không mưa,26/12/2025 19:00,26/12/2025 21:37:09
Lào Cai,Thủy điện Ngòi Phát,xã Bát Xát,0.0,Không mưa,26/12/2025 19:00,26/12/2025 21:37:09
Lào Cai,Lao Chải,xã Lao Chải,0.0,Không mưa,26/12/2025 19:00,26/12/2025 21:37:09
Lào Cai,Ngọc Chấn,xã Cảm Nhân,0.0,Không mưa,26/12/2025 19:00,26/12/2025 21:37:09
Lào Cai,Tả Van PCTT,xã Tả Van,0.0,Không mưa,26/12/2025 19:00,26/12/2025 21:37:09
Lào Cai,Bản Hồ,xã Bản Hồ,0.0,Không mưa,26/12/2025 19:00,26/12/2025 21:37:09
Lào Cai,Thượng Hà,xã Thượng Hà,0.0,Không mưa,26/12/2025 19:00,26/12/2025 21:37:09
Lào Cai,Phan Thanh,xã Tân Lĩnh,0.0,Không mưa,26/12/2025 19:00,26/12/2025 21:37:09
Lào Cai,Đại Lịch,xã Chấn Thịnh,0.0,Không mưa,26/12/2025 19:00,26/12/2025 21:37:09
Lào Cai,Minh Bảo,phường Nam Cường,0.0,Không mưa,26/12/2025 19:00,26/12/2025 21:37:09
Lào Cai,Y Can,xã Quy Mông,0.0,Không mưa,26/12/2025 19:00,26/12/2025 21:37:09
Lào Cai,An Lương 1,xã Mỏ Vàng,0.0,Không mưa,26/12/2025 19:00,26/12/2025 21:37:09
Lào Cai,Bảo Nhai 1,xã Bảo Nhai,0.0,Không mưa,26/12/2025 19:00,26/12/2025 21:37:09
Lào Cai,Ngũ Chỉ Sơn,xã Ngũ Chỉ Sơn,0.0,Không mưa,26/12/2025 19:00,26/12/2025 21:37:09
Lào Cai,Tân Đồng,xã Trấn Yên,0.0,Không mưa,26/12/2025 19:00,26/12/2025 21:37:09
Lào Cai,Long Khánh,xã Phúc Khánh,0.0,Không mưa,26/12/2025 19:00,26/12/2025 21:37:09
Lào Cai,Hưng Thịnh,xã Lương Thịnh,0.0,Không mưa,26/12/2025 19:00,26/12/2025 21:37:09
Lào Cai,Cao Phạ 1,xã Tú Lệ,0.0,Không mưa,26/12/2025 19:00,26/12/2025 21:37:09
Lào Cai,Bản Hồ 1,xã Bản Hồ,0.0,Không mưa,26/12/2025 19:00,26/12/2025 21:37:09
Lào Cai,Dế Xu Phình,xã Púng Luông,0.0,Không mưa,26/12/2025 19:00,26/12/2025 21:37:09
Lào Cai,Hồng Ca,xã Hưng Khánh,0.0,Không mưa,26/12/2025 19:00,26/12/2025 21:37:09
Lào Cai,Nậm Lành 1,xã Gia Hội,0.0,Không mưa,26/12/2025 19:00,26/12/2025 21:37:09
Lào Cai,Hồng Ca 2,xã Hưng Khánh,0.0,Không mưa,26/12/2025 19:00,26/12/2025 21:37:09
Lào Cai,An Phú,xã Mường Lai,0.0,Không mưa,26/12/2025 19:00,26/12/2025 21:37:09
Lào Cai,Nậm Xé PCTT,xã Nậm Xé,0.0,Không mưa,26/12/2025 19:00,26/12/2025 21:37:09
Lào Cai,Bản Liền,xã Bản Liền,0.0,Không mưa,26/12/2025 19:00,26/12/2025 21:37:09
Lào Cai,Yên Bái,phường Yên Bái,0.0,Không mưa,26/12/2025 19:00,26/12/2025 21:37:09
Lào Cai,Làng Nhì,xã Phình Hồ,0.0,Không mưa,26/12/2025 19:00,26/12/2025 21:37:09
Lào Cai,Cảm Nhân,xã Cảm Nhân,0.0,Không mưa,26/12/2025 19:00,26/12/2025 21:37:09
Lào Cai,Cao Phạ 3,xã Tú Lệ,0.0,Không mưa,26/12/2025 19:00,26/12/2025 21:37:09
Lào Cai,Mường Khương,xã Mường Khương,0.0,Không mưa,26/12/2025 19:00,26/12/2025 21:37:09
Lào Cai,Quan Hồ Thẩn,xã Si Ma Cai,0.0,Không mưa,26/12/2025 19:00,26/12/2025 21:37:09
Lào Cai,Phúc Sơn,phường Cầu Thia,0.0,Không mưa,26/12/2025 19:00,26/12/2025 21:37:09
Lào Cai,Hồ Đập Mỏ tuyển Đồng Sin Quyền,xã Bát Xát,0.0,Không mưa,26/12/2025 19:00,26/12/2025 21:37:09
Lào Cai,Xà Hồ PCTT,xã Hạnh Phúc,0.0,Không mưa,26/12/2025 19:00,26/12/2025 21:37:09
Lào Cai,Bản Cái,xã Cốc Lầu,0.0,Không mưa,26/12/2025 19:00,26/12/2025 21:37:09
Lào Cai,Kim Sơn PCTT,xã Bảo Hà,0.0,Không mưa,26/12/2025 19:00,26/12/2025 21:37:09
Lào Cai,Túc Đán 1,xã Trạm Tấu,0.0,Không mưa,26/12/2025 19:00,26/12/2025 21:37:09
Lào Cai,Làng Cang,xã Phong Dụ Hạ,0.0,Không mưa,26/12/2025 19:00,26/12/2025 21:37:09
Lào Cai,Vĩnh Lạc,xã Mường Lai,0.0,Không mưa,26/12/2025 19:00,26/12/2025 21:37:09
Lào Cai,Nậm Xây,xã Minh Lương,0.0,Không mưa,26/12/2025 19:00,26/12/2025 21:37:09
Lào Cai,Nậm Khắt,xã Púng Luông,0.0,Không mưa,26/12/2025 19:00,26/12/2025 21:37:09
Lào Cai,Kiên Thành,xã Quy Mông,0.0,Không mưa,26/12/2025 19:00,26/12/2025 21:37:09
Lào Cai,Thịnh Hưng,xã Yên Bình,0.0,Không mưa,26/12/2025 19:00,26/12/2025 21:37:09
Lào Cai,Nghĩa Đô,xã Nghĩa Đô,0.0,Không mưa,26/12/2025 19:00,26/12/2025 21:37:09
Lào Cai,Bản Xen,xã Bản Lầu,0.0,Không mưa,26/12/2025 19:00,26/12/2025 21:37:09
Lào Cai,Long Phúc,xã Phúc Khánh,0.0,Không mưa,26/12/2025 19:00,26/12/2025 21:37:09
Lào Cai,Chế Tạo,xã Chế Tạo,0.0,Không mưa,26/12/2025 19:00,26/12/2025 21:37:09
Lào Cai,Gia Phú 1,xã Gia Phú,0.0,Không mưa,26/12/2025 19:00,26/12/2025 21:37:09
Lào Cai,Lao Chải 1,xã Lao Chải,0.0,Không mưa,26/12/2025 19:00,26/12/2025 21:37:09
Lào Cai,Nậm Có 2,xã Nậm Có,0.0,Không mưa,26/12/2025 19:00,26/12/2025 21:37:09
Lào Cai,Nậm Chày,xã Nậm Chày,0.0,Không mưa,26/12/2025 19:00,26/12/2025 21:37:09
Lào Cai,Suối Giàng PCTT,xã Văn Chấn,0.0,Không mưa,26/12/2025 19:00,26/12/2025 21:37:09
Lào Cai,Bát Xát,xã Bát Xát,0.0,Không mưa,26/12/2025 19:00,26/12/2025 21:37:09
Lào Cai,Hoàng Thu Phố,xã Bắc Hà,0.0,Không mưa,26/12/2025 19:00,26/12/2025 21:37:09
Lào Cai,Lâm Giang,xã Lâm Giang,0.0,Không mưa,26/12/2025 19:00,26/12/2025 21:37:09
Lào Cai,Tân Thịnh,xã Chấn Thịnh,0.0,Không mưa,26/12/2025 19:00,26/12/2025 21:37:09
Lào Cai,Minh Quán,xã Trấn Yên,0.0,Không mưa,26/12/2025 19:00,26/12/2025 21:37:09
Lào Cai,Lùng Phình,xã Lùng Phình,0.0,Không mưa,26/12/2025 19:00,26/12/2025 21:37:09
Lào Cai,Mỏ Vàng 1,xã Mỏ Vàng,0.0,Không mưa,26/12/2025 19:00,26/12/2025 21:37:09
Lào Cai,Khánh Thiện,xã Lâm Thượng,0.0,Không mưa,26/12/2025 19:00,26/12/2025 21:37:09
Lào Cai,Phình Hồ,xã Phình Hồ,0.0,Không mưa,26/12/2025 19:00,26/12/2025 21:37:09
Lào Cai,Xà Hồ,xã Hạnh Phúc,0.0,Không mưa,26/12/2025 19:00,26/12/2025 21:37:09
Lào Cai,Tân Tiến,xã Nghĩa Đô,0.0,Không mưa,26/12/2025 19:00,26/12/2025 21:37:09
Lào Cai,Tà Si Láng,xã Tà Xi Láng,0.0,Không mưa,26/12/2025 19:00,26/12/2025 21:37:09
Lào Cai,Bạch Hà,xã Thác Bà,0.0,Không mưa,26/12/2025 19:00,26/12/2025 21:37:09
Lào Cai,Huổi Sản,xã Gia Hội,0.0,Không mưa,26/12/2025 19:00,26/12/2025 21:37:09
Lào Cai,Tân Phượng 1,xã Lâm Thượng,0.0,Không mưa,26/12/2025 19:00,26/12/2025 21:37:09
Lào Cai,Vĩnh Yên,xã Nghĩa Đô,0.0,Không mưa,26/12/2025 19:00,26/12/2025 21:37:09
Lào Cai,Khao Mang PCTT,xã Khao Mang,0.0,Không mưa,26/12/2025 19:00,26/12/2025 21:37:09
Lào Cai,Việt Hồng,xã Việt Hồng,0.0,Không mưa,26/12/2025 19:00,26/12/2025 21:37:09
Lào Cai,Việt Cường,xã Việt Hồng,0.0,Không mưa,26/12/2025 19:00,26/12/2025 21:37:09
Lào Cai,Nàn Sán,xã Si Ma Cai,0.0,Không mưa,26/12/2025 19:00,26/12/2025 21:37:09
Lào Cai,Gia Hội,xã Gia Hội,0.0,Không mưa,26/12/2025 19:00,26/12/2025 21:37:09
Lào Cai,Lũng Hà,xã Phúc Lợi,0.0,Không mưa,26/12/2025 19:00,26/12/2025 21:37:09
Lào Cai,Bảo Hà 1,xã Bảo Hà,0.0,Không mưa,26/12/2025 19:00,26/12/2025 21:37:09
Lào Cai,Kiên Lao,xã Quy Mông,0.0,Không mưa,26/12/2025 19:00,26/12/2025 21:37:09
Lào Cai,Suối Bu,xã Văn Chấn,0.0,Không mưa,26/12/2025 19:00,26/12/2025 21:37:09
Lào Cai,Tân Dương 2,xã Xuân Hòa,0.0,Không mưa,26/12/2025 19:00,26/12/2025 21:37:09
Lào Cai,Võ Lao,xã Võ Lao,0.0,Không mưa,26/12/2025 19:00,26/12/2025 21:37:09
Lào Cai,Thủy điện Mường Hum,xã Mường Hum,0.0,Không mưa,26/12/2025 19:00,26/12/2025 21:37:09
Lào Cai,Chế Cu Nha,xã Mù Cang Chải,0.0,Không mưa,26/12/2025 19:00,26/12/2025 21:37:09
Lào Cai,Cam Đường,phường Cam Đường,0.0,Không mưa,26/12/2025 19:00,26/12/2025 21:37:09
Lào Cai,Bản Lầu,xã Bản Lầu,0.0,Không mưa,26/12/2025 19:00,26/12/2025 21:37:09
Lào Cai,Văn Bàn,xã Văn Bàn,0.0,Không mưa,26/12/2025 19:00,26/12/2025 21:37:09
Lào Cai,Bản Cầm,xã Phong Hải,0.0,Không mưa,26/12/2025 19:00,26/12/2025 21:37:09
Lào Cai,Yên Bái 2,phường Yên Bái,0.0,Không mưa,26/12/2025 19:00,26/12/2025 21:37:09
Lào Cai,Cao Phạ 2,xã Tú Lệ,0.0,Không mưa,26/12/2025 19:00,26/12/2025 21:37:09
Lào Cai,Nghĩa Đô PCTT,xã Nghĩa Đô,0.0,Không mưa,26/12/2025 19:00,26/12/2025 21:37:09
Lào Cai,Lao Chải 2,xã Lao Chải,0.0,Không mưa,26/12/2025 19:00,26/12/2025 21:37:09
Lào Cai,Xuân Hòa,xã Xuân Hòa,0.0,Không mưa,26/12/2025 19:00,26/12/2025 21:37:09
Lào Cai,Phong Hải,xã Phong Hải,0.0,Không mưa,26/12/2025 19:00,26/12/2025 21:37:09
Lào Cai,Phong Hải PCTT,xã Phong Hải,0.0,Không mưa,26/12/2025 19:00,26/12/2025 21:37:09
Lào Cai,Nậm Mười 1,xã Sơn Lương,0.0,Không mưa,26/12/2025 19:00,26/12/2025 21:37:09
Lào Cai,Ba Khe,xã Cát Thịnh,0.0,Không mưa,26/12/2025 19:00,26/12/2025 21:37:09
Lào Cai,Yên Thế,xã Lục Yên,0.0,Không mưa,26/12/2025 19:00,26/12/2025 21:37:09
Lào Cai,Trung Chải,xã Tả Phìn,0.0,Không mưa,26/12/2025 19:00,26/12/2025 21:37:09
Lào Cai,Phố Lu,xã Bảo Thắng,0.0,Không mưa,26/12/2025 19:00,26/12/2025 21:37:09
Lào Cai,La Pán Tẩn,xã Púng Luông,0.0,Không mưa,26/12/2025 19:00,26/12/2025 21:37:09
Lào Cai,Trịnh Tường,xã Trịnh Tường,0.0,Không mưa,26/12/2025 19:00,26/12/2025 21:37:09
Lào Cai,Mồ Dề 2,xã Mù Cang Chải,0.0,Không mưa,26/12/2025 19:00,26/12/2025 21:37:09
Lào Cai,Yên Thành,xã Yên Thành,0.0,Không mưa,26/12/2025 19:00,26/12/2025 21:37:09
Lào Cai,Si Ma Cai 1,xã Si Ma Cai,0.0,Không mưa,26/12/2025 19:00,26/12/2025 21:37:09
Lào Cai,Pá Lau,xã Trạm Tấu,0.0,Không mưa,26/12/2025 19:00,26/12/2025 21:37:09
Lào Cai,Pha Long,xã Pha Long,0.0,Không mưa,26/12/2025 19:00,26/12/2025 21:37:09
Lào Cai,Lùng Phình PCTT,xã Lùng Phình,0.0,Không mưa,26/12/2025 19:00,26/12/2025 21:37:09
Lào Cai,A Mú Sung PCTT,xã A Mú Sung,0.0,Không mưa,26/12/2025 19:00,26/12/2025 21:37:09
Lào Cai,Phong Dụ Thượng,xã Phong Dụ Thượng,0.0,Không mưa,26/12/2025 19:00,26/12/2025 21:37:09
Lào Cai,Đồng Khê,xã Văn Chấn,0.0,Không mưa,26/12/2025 19:00,26/12/2025 21:37:09
Lào Cai,Mậu Đông,xã Mậu A,0.0,Không mưa,26/12/2025 19:00,26/12/2025 21:37:09
Lào Cai,Liễu Đô,xã Lục Yên,0.0,Không mưa,26/12/2025 19:00,26/12/2025 21:37:09
Lào Cai,Trung Tâm 1,xã Phúc Lợi,0.0,Không mưa,26/12/2025 19:00,26/12/2025 21:37:09
Lào Cai,Đào Thịnh,xã Trấn Yên,0.0,Không mưa,26/12/2025 19:00,26/12/2025 21:37:09
Lào Cai,Tả Van,xã Tả Van,0.0,Không mưa,26/12/2025 19:00,26/12/2025 21:37:09
Lào Cai,Thủy điện Nậm Phàng,xã Bản Liền,0.0,Không mưa,26/12/2025 19:00,26/12/2025 21:37:09
Lào Cai,Minh Chuẩn,xã Tân Lĩnh,0.0,Không mưa,26/12/2025 19:00,26/12/2025 21:37:09
Điện Biên,Đoàn Kết 2,xã Mường Nhé,0.0,Không mưa,26/12/2025 19:00,26/12/2025 21:37:09
Điện Biên,Búng Lao 2,xã Búng Lao,0.0,Không mưa,26/12/2025 19:00,26/12/2025 21:37:09
Điện Biên,Nà Sáy,xã Chiềng Sinh,0.0,Không mưa,26/12/2025 19:00,26/12/2025 21:37:09
Điện Biên,Nà Tấu,xã Nà Tấu,0.0,Không mưa,26/12/2025 19:00,26/12/2025 21:37:09
Điện Biên,Pa Thơm PCTT,xã Thanh Yên,0.0,Không mưa,26/12/2025 19:00,26/12/2025 21:37:09
Điện Biên,Mường Ảng,xã Mường Ảng,0.0,Không mưa,26/12/2025 19:00,26/12/2025 21:37:09
Điện Biên,Pú Nhi 2,xã Pu Nhi,0.0,Không mưa,26/12/2025 19:00,26/12/2025 21:37:09
Điện Biên,"Na Sang (Mường Chà, Điện Biên)",xã Na Sang,0.0,Không mưa,26/12/2025 19:00,26/12/2025 21:37:09
Điện Biên,Si Pa Phìn,xã Si Pa Phìn,0.0,Không mưa,26/12/2025 19:00,26/12/2025 21:37:09
Điện Biên,"Nà Khoa (Nậm Pồ, Điện Biên)",xã Nà Hỳ,0.0,Không mưa,26/12/2025 19:00,26/12/2025 21:37:09
Điện Biên,Tả Phìn 1,xã Sính Phình,0.0,Không mưa,26/12/2025 19:00,26/12/2025 21:37:09
Điện Biên,Mường Phăng 1,xã Mường Phăng,0.0,Không mưa,26/12/2025 19:00,26/12/2025 21:37:09
Điện Biên,Trung Thu,xã Sính Phình,0.0,Không mưa,26/12/2025 19:00,26/12/2025 21:37:09
Điện Biên,"Chà Tở (Nậm Pồ, Điện Biên)",xã Chà Tở,0.0,Không mưa,26/12/2025 19:00,26/12/2025 21:37:09
Điện Biên,Búng Lao 1,xã Búng Lao,0.0,Không mưa,26/12/2025 19:00,26/12/2025 21:37:09
Điện Biên,Hồ Na Hươm,xã Núa Ngam,0.0,Không mưa,26/12/2025 19:00,26/12/2025 21:37:09
Điện Biên,"Chà Nưa (Nậm Pồ, Điện Biên)",xã Mường Chà,0.0,Không mưa,26/12/2025 19:00,26/12/2025 21:37:09
Điện Biên,Xín Chải,xã Sín Chải,0.0,Không mưa,26/12/2025 19:00,26/12/2025 21:37:09
Điện Biên,Hồ Nậm Ngám,xã Pu Nhi,0.0,Không mưa,26/12/2025 19:00,26/12/2025 21:37:09
Điện Biên,Mường Báng,xã Tủa Chùa,0.0,Không mưa,26/12/2025 19:00,26/12/2025 21:37:09
Điện Biên,"Mường Toong (Mường Nhé, Điện Biên)",xã Mường Toong,0.0,Không mưa,26/12/2025 19:00,26/12/2025 21:37:09
Điện Biên,Phình Sáng 1,xã Sáng Nhè,0.0,Không mưa,26/12/2025 19:00,26/12/2025 21:37:09
Điện Biên,Mường Luân 3,xã Mường Luân,0.0,Không mưa,26/12/2025 19:00,26/12/2025 21:37:09
Điện Biên,Phình Sáng 2,xã Sáng Nhè,0.0,Không mưa,26/12/2025 19:00,26/12/2025 21:37:09
Điện Biên,Mường Pồn 2,xã Mường Pồn,0.0,Không mưa,26/12/2025 19:00,26/12/2025 21:37:09
Điện Biên,"Pá Mỳ (Mường Nhé, Điện Biên)",xã Nậm Kè,0.0,Không mưa,26/12/2025 19:00,26/12/2025 21:37:09
Điện Biên,"Sen Thượng (Mường Nhé, Điện Biên)",xã Sín Thầu,0.0,Không mưa,26/12/2025 19:00,26/12/2025 21:37:09
Điện Biên,"Phình Sáng (Tuần Giáo, Điện Biên)",xã Sáng Nhè,0.0,Không mưa,26/12/2025 19:00,26/12/2025 21:37:09
Điện Biên,Chà Cang 2,xã Mường Chà,0.0,Không mưa,26/12/2025 19:00,26/12/2025 21:37:09
Điện Biên,Sam Mứn 1,xã Thanh An,0.0,Không mưa,26/12/2025 19:00,26/12/2025 21:37:09
Điện Biên,Mường Chà PCTT,xã Na Sang,0.0,Không mưa,26/12/2025 19:00,26/12/2025 21:37:09
Điện Biên,Pú Nhi 3,xã Pu Nhi,0.0,Không mưa,26/12/2025 19:00,26/12/2025 21:37:09
Điện Biên,Na Son 1,xã Na Son,0.0,Không mưa,26/12/2025 19:00,26/12/2025 21:37:09
Điện Biên,Mường Tùng,xã Mường Tùng,0.0,Không mưa,26/12/2025 19:00,26/12/2025 21:37:09
Điện Biên,Mường Chà,xã Mường Chà,0.0,Không mưa,26/12/2025 19:00,26/12/2025 21:37:09
Điện Biên,Mường Lói 2,xã Mường Nhà,0.0,Không mưa,26/12/2025 19:00,26/12/2025 21:37:09
Điện Biên,Chi cục thủy lợi,phường Điện Biên Phủ,0.0,Không mưa,26/12/2025 19:00,26/12/2025 21:37:09
Điện Biên,Thanh Nưa 1,xã Thanh Nưa,0.0,Không mưa,26/12/2025 19:00,26/12/2025 21:37:09
Điện Biên,Na Son,xã Na Son,0.0,Không mưa,26/12/2025 19:00,26/12/2025 21:37:09
Điện Biên,Phì Nhừ 3,xã Xa Dung,0.0,Không mưa,26/12/2025 19:00,26/12/2025 21:37:09
Điện Biên,Pú Nhung,xã Pú Nhung,0.0,Không mưa,26/12/2025 19:00,26/12/2025 21:37:09
Điện Biên,Mường Pồn,xã Mường Pồn,0.0,Không mưa,26/12/2025 19:00,26/12/2025 21:37:09
Điện Biên,Hua Thanh (Nậm Khẩu Hú),xã Thanh Nưa,0.0,Không mưa,26/12/2025 19:00,26/12/2025 21:37:09
Điện Biên,Tây Trang,xã Sam Mứn,0.0,Không mưa,26/12/2025 19:00,26/12/2025 21:37:09
Điện Biên,Tênh Phông,xã Quài Tở,0.0,Không mưa,26/12/2025 19:00,26/12/2025 21:37:09
Điện Biên,Quài Nưa,xã Tuần Giáo,0.0,Không mưa,26/12/2025 19:00,26/12/2025 21:37:09
Điện Biên,Háng Lìa 2,xã Tìa Dình,0.0,Không mưa,26/12/2025 19:00,26/12/2025 21:37:09
Điện Biên,Mường Lạn 1,xã Mường Lạn,0.0,Không mưa,26/12/2025 19:00,26/12/2025 21:37:09
Điện Biên,Háng Lìa,xã Tìa Dình,0.0,Không mưa,26/12/2025 19:00,26/12/2025 21:37:09
Điện Biên,Búng Lao 3,xã Búng Lao,0.0,Không mưa,26/12/2025 19:00,26/12/2025 21:37:09
Điện Biên,Nà Tấu 2,xã Nà Tấu,0.0,Không mưa,26/12/2025 19:00,26/12/2025 21:37:09
Điện Biên,"Tỏa Tình (Tuần Giáo, Điện Biên)",xã Quài Tở,0.0,Không mưa,26/12/2025 19:00,26/12/2025 21:37:09
Điện Biên,Pa Thơm,xã Thanh Yên,0.0,Không mưa,26/12/2025 19:00,26/12/2025 21:37:09
Điện Biên,Mường Nhà 3,xã Mường Nhà,0.0,Không mưa,26/12/2025 19:00,26/12/2025 21:37:09
Điện Biên,Mường Tùng 2,xã Mường Tùng,0.0,Không mưa,26/12/2025 19:00,26/12/2025 21:37:09
Điện Biên,Mường Báng PCTT,xã Tủa Chùa,0.0,Không mưa,26/12/2025 19:00,26/12/2025 21:37:09
Điện Biên,Lay Nưa,phường Mường Lay,0.0,Không mưa,26/12/2025 19:00,26/12/2025 21:37:09
Điện Biên,Sông Đà,phường Mường Lay,0.0,Không mưa,26/12/2025 19:00,26/12/2025 21:37:09
Điện Biên,Phì Nhừ 4,xã Xa Dung,0.0,Không mưa,26/12/2025 19:00,26/12/2025 21:37:09
Điện Biên,Tỏa Tình,xã Quài Tở,0.0,Không mưa,26/12/2025 19:00,26/12/2025 21:37:09
Điện Biên,"Sín Chải (Tủa Chùa, Điện Biên)",xã Sín Chải,0.0,Không mưa,26/12/2025 19:00,26/12/2025 21:37:09
Điện Biên,Nà Tấu 1,xã Nà Tấu,0.0,Không mưa,26/12/2025 19:00,26/12/2025 21:37:09
Điện Biên,Hừa Ngài,xã Pa Ham,0.0,Không mưa,26/12/2025 19:00,26/12/2025 21:37:09
Điện Biên,Xá Tổng,phường Mường Lay,0.0,Không mưa,26/12/2025 19:00,26/12/2025 21:37:09
Điện Biên,Háng Lìa 3,xã Tìa Dình,0.0,Không mưa,26/12/2025 19:00,26/12/2025 21:37:09
Điện Biên,"Pú Xi (Tuần Giáo, Điện Biên)",xã Mường Mùn,0.0,Không mưa,26/12/2025 19:00,26/12/2025 21:37:09
Điện Biên,Huổi Lèng 2,xã Mường Tùng,0.0,Không mưa,26/12/2025 19:00,26/12/2025 21:37:09
Điện Biên,Mùn Chung PCTT,xã Mường Mùn,0.0,Không mưa,26/12/2025 19:00,26/12/2025 21:37:09
Điện Biên,Ẳng Tở,xã Búng Lao,0.0,Không mưa,26/12/2025 19:00,26/12/2025 21:37:09
Điện Biên,P. Na Lay,phường Mường Lay,0.0,Không mưa,26/12/2025 19:00,26/12/2025 21:37:09
Điện Biên,Ẳng Cang 2,xã Mường Ảng,0.0,Không mưa,26/12/2025 19:00,26/12/2025 21:37:09
Điện Biên,Xuân Lao,xã Mường Lạn,0.0,Không mưa,26/12/2025 19:00,26/12/2025 21:37:09
Điện Biên,Mường Lạn 2,xã Mường Lạn,0.0,Không mưa,26/12/2025 19:00,26/12/2025 21:37:09
Điện Biên,Mường Đun,xã Sáng Nhè,0.0,Không mưa,26/12/2025 19:00,26/12/2025 21:37:09
Điện Biên,Mường Mùn 1,xã Mường Mùn,0.0,Không mưa,26/12/2025 19:00,26/12/2025 21:37:09
Điện Biên,Pa Ham,xã Nậm Nèn,0.0,Không mưa,26/12/2025 19:00,26/12/2025 21:37:09
Điện Biên,Nậm Kè,xã Nậm Kè,0.0,Không mưa,26/12/2025 19:00,26/12/2025 21:37:09
Điện Biên,Phì Nhừ 5,xã Xa Dung,0.0,Không mưa,26/12/2025 19:00,26/12/2025 21:37:09
Điện Biên,Phình Giàng 2,xã Phình Giàng,0.0,Không mưa,26/12/2025 19:00,26/12/2025 21:37:09
Điện Biên,Phì Nhừ 2,xã Xa Dung,0.0,Không mưa,26/12/2025 19:00,26/12/2025 21:37:09
Điện Biên,Sam Mứn 2,xã Thanh An,0.0,Không mưa,26/12/2025 19:00,26/12/2025 21:37:09
Điện Biên,Huổi Lèng 1,xã Mường Tùng,0.0,Không mưa,26/12/2025 19:00,26/12/2025 21:37:09
Điện Biên,"A Pa Chải (Mường Nhé, Điện Biên)",xã Sín Thầu,0.0,Không mưa,26/12/2025 19:00,26/12/2025 21:37:09
Điện Biên,"Ta Ma (Tuần Giáo, Điện Biên)",xã Pú Nhung,0.0,Không mưa,26/12/2025 19:00,26/12/2025 21:37:09
Điện Biên,Háng Lìa 1,xã Tìa Dình,0.0,Không mưa,26/12/2025 19:00,26/12/2025 21:37:09
Điện Biên,Mường Phăng 2,xã Mường Phăng,0.0,Không mưa,26/12/2025 19:00,26/12/2025 21:37:09
Điện Biên,Chung Chải,xã Mường Nhé,0.0,Không mưa,26/12/2025 19:00,26/12/2025 21:37:09
Điện Biên,Lay Nưa PCTT,phường Mường Lay,0.0,Không mưa,26/12/2025 19:00,26/12/2025 21:37:09
Điện Biên,Ẳng Nưa,xã Mường Ảng,0.0,Không mưa,26/12/2025 19:00,26/12/2025 21:37:09
Điện Biên,Mường Phăng 3,xã Mường Phăng,0.0,Không mưa,26/12/2025 19:00,26/12/2025 21:37:09
Điện Biên,Luân Giới,xã Mường Luân,0.0,Không mưa,26/12/2025 19:00,26/12/2025 21:37:09
Điện Biên,Quài Tở,xã Quài Tở,0.0,Không mưa,26/12/2025 19:00,26/12/2025 21:37:09
Điện Biên,Mường Mơn,xã Mường Pồn,0.0,Không mưa,26/12/2025 19:00,26/12/2025 21:37:09
Điện Biên,Chiềng Sinh,xã Chiềng Sinh,0.0,Không mưa,26/12/2025 19:00,26/12/2025 21:37:09
Điện Biên,Pú Nhung 1,xã Pú Nhung,0.0,Không mưa,26/12/2025 19:00,26/12/2025 21:37:09
Điện Biên,"Nậm Khăn (Nậm Pồ, Điện Biên)",xã Chà Tở,0.0,Không mưa,26/12/2025 19:00,26/12/2025 21:37:09
Điện Biên,"Mường Mùn (Tuần Giáo, Điện Biên)",xã Mường Mùn,0.0,Không mưa,26/12/2025 19:00,26/12/2025 21:37:09
Điện Biên,Mường Mùn 2,xã Mường Mùn,0.0,Không mưa,26/12/2025 19:00,26/12/2025 21:37:09
Điện Biên,Mường Nhé,xã Mường Nhé,0.0,Không mưa,26/12/2025 19:00,26/12/2025 21:37:09
Điện Biên,Mường Mươn,xã Mường Pồn,0.0,Không mưa,26/12/2025 19:00,26/12/2025 21:37:09
Điện Biên,Nà Hỳ,xã Nà Hỳ,0.0,Không mưa,26/12/2025 19:00,26/12/2025 21:37:09
Điện Biên,Huổi Só,xã Tủa Thàng,0.0,Không mưa,26/12/2025 19:00,26/12/2025 21:37:09
Điện Biên,Mường Luân 2,xã Mường Luân,0.0,Không mưa,26/12/2025 19:00,26/12/2025 21:37:09
Điện Biên,Mường Thín,xã Chiềng Sinh,0.0,Không mưa,26/12/2025 19:00,26/12/2025 21:37:09
Điện Biên,Mùn Chung,xã Tủa Chùa,0.0,Không mưa,26/12/2025 19:00,26/12/2025 21:37:09
Điện Biên,Phìn Hồ,xã Si Pa Phìn,0.0,Không mưa,26/12/2025 19:00,26/12/2025 21:37:09
Điện Biên,Lao Xả Phình,xã Sín Chải,0.0,Không mưa,26/12/2025 19:00,26/12/2025 21:37:09
Điện Biên,Nà Tấu 3,xã Nà Tấu,0.0,Không mưa,26/12/2025 19:00,26/12/2025 21:37:09
Điện Biên,Pa Tần,xã Mường Chà,0.0,Không mưa,26/12/2025 19:00,26/12/2025 21:37:09
Điện Biên,Nậm Ngà,xã Nà Hỳ,0.0,Không mưa,26/12/2025 19:00,26/12/2025 21:37:09
Điện Biên,"Na Cô Sa (Nậm Pồ, Điện Biên)",xã Quảng Lâm,0.0,Không mưa,26/12/2025 19:00,26/12/2025 21:37:09
Điện Biên,Sín Thầu,xã Sín Thầu,0.0,Không mưa,26/12/2025 19:00,26/12/2025 21:37:09
Điện Biên,Phình Giàng 1,xã Phình Giàng,0.0,Không mưa,26/12/2025 19:00,26/12/2025 21:37:09
Điện Biên,Na Ư 1,xã Sam Mứn,0.0,Không mưa,26/12/2025 19:00,26/12/2025 21:37:09
Điện Biên,Mường Pồn 1,xã Mường Pồn,0.0,Không mưa,26/12/2025 19:00,26/12/2025 21:37:09
Điện Biên,"Xá Nhè (Tủa Chùa, Điện Biên)",xã Sáng Nhè,0.0,Không mưa,26/12/2025 19:00,26/12/2025 21:37:09
Điện Biên,Quảng Lâm,xã Quảng Lâm,0.0,Không mưa,26/12/2025 19:00,26/12/2025 21:37:09
Điện Biên,Si Pha Phìn,xã Si Pa Phìn,0.0,Không mưa,26/12/2025 19:00,26/12/2025 21:37:09
Điện Biên,Keo Lôm 2,xã Na Son,0.0,Không mưa,26/12/2025 19:00,26/12/2025 21:37:09
Điện Biên,Ẳng Cang 1,xã Mường Ảng,0.0,Không mưa,26/12/2025 19:00,26/12/2025 21:37:09
Điện Biên,Na Son 2,xã Na Son,0.0,Không mưa,26/12/2025 19:00,26/12/2025 21:37:09
Điện Biên,Huổi Lèng,xã Mường Tùng,0.0,Không mưa,26/12/2025 19:00,26/12/2025 21:37:09
Điện Biên,Tủa Thàng,xã Tủa Thàng,0.0,Không mưa,26/12/2025 19:00,26/12/2025 21:37:09
Điện Biên,"Pa Ham (Mường Chà, Điện Biên)",xã Pa Ham,0.0,Không mưa,26/12/2025 19:00,26/12/2025 21:37:09
Điện Biên,Na Ư 2,xã Sam Mứn,0.0,Không mưa,26/12/2025 19:00,26/12/2025 21:37:09
Lai Châu,Sơn Bình,xã Bình Lư,0.0,Không mưa,26/12/2025 19:00,26/12/2025 21:37:09
Lai Châu,Thèn Sin,xã Sin Suối Hồ,0.0,Không mưa,26/12/2025 19:00,26/12/2025 21:37:09
Lai Châu,Sin Suối Hồ,xã Sin Suối Hồ,0.0,Không mưa,26/12/2025 19:00,26/12/2025 21:37:09
Lai Châu,Bum Tở,xã Bum Tở,0.0,Không mưa,26/12/2025 19:00,26/12/2025 21:37:09
Lai Châu,Pắc Ta PCTT,xã Pắc Ta,0.0,Không mưa,26/12/2025 19:00,26/12/2025 21:37:09
Lai Châu,Thân Thuộc,xã Tân Uyên,0.0,Không mưa,26/12/2025 19:00,26/12/2025 21:37:09
Lai Châu,Nậm Xe,xã Sin Suối Hồ,0.0,Không mưa,26/12/2025 19:00,26/12/2025 21:37:09
Lai Châu,Mường Khoa,xã Mường Khoa,0.0,Không mưa,26/12/2025 19:00,26/12/2025 21:37:09
Lai Châu,Hồ Thầu PCTT,xã Tả Lèng,0.0,Không mưa,26/12/2025 19:00,26/12/2025 21:37:09
Lai Châu,Hua Bum,xã Hua Bum,0.0,Không mưa,26/12/2025 19:00,26/12/2025 21:37:09
Lai Châu,Mù Sang,xã Dào San,0.0,Không mưa,26/12/2025 19:00,26/12/2025 21:37:09
Lai Châu,Kan Hồ 1,xã Bum Tở,0.0,Không mưa,26/12/2025 19:00,26/12/2025 21:37:09
Lai Châu,"Tà Mung (Than Uyên, Lai Châu)",xã Mường Kim,0.0,Không mưa,26/12/2025 19:00,26/12/2025 21:37:09
Lai Châu,"Nậm Cần (Tân Uyên, Lai Châu)",xã Tân Uyên,0.0,Không mưa,26/12/2025 19:00,26/12/2025 21:37:09
Lai Châu,"Nậm Hăn 2 (Sìn Hồ, Lai Châu)",xã Nậm Cuổi,0.0,Không mưa,26/12/2025 19:00,26/12/2025 21:37:09
Lai Châu,Mường Kim,xã Mường Kim,0.0,Không mưa,26/12/2025 19:00,26/12/2025 21:37:09
Lai Châu,Phúc Than,xã Mường Than,0.0,Không mưa,26/12/2025 19:00,26/12/2025 21:37:09
Lai Châu,Tà Hừa,xã Mường Kim,0.0,Không mưa,26/12/2025 19:00,26/12/2025 21:37:09
Lai Châu,Vàng Ma Chải,xã Sì Lở Lầu,0.0,Không mưa,26/12/2025 19:00,26/12/2025 21:37:09
Lai Châu,Nậm Cuổi 4,xã Nậm Cuổi,0.0,Không mưa,26/12/2025 19:00,26/12/2025 21:37:09
Lai Châu,"Mù Cả (Mường Tè, Lai Châu)",xã Mù Cả,0.0,Không mưa,26/12/2025 19:00,26/12/2025 21:37:09
Lai Châu,Pa Vệ Sử 2,xã Bum Nưa,0.0,Không mưa,26/12/2025 19:00,26/12/2025 21:37:09
Lai Châu,Bình Lư 1,xã Bình Lư,0.0,Không mưa,26/12/2025 19:00,26/12/2025 21:37:09
Lai Châu,Pu Sam Cáp,xã Pu Sam Cáp,0.0,Không mưa,26/12/2025 19:00,26/12/2025 21:37:09
Lai Châu,Huổi Luông,xã Phong Thổ,0.0,Không mưa,26/12/2025 19:00,26/12/2025 21:37:09
Lai Châu,"Chăn Nưa (Sìn Hồ, Lai Châu)",xã Lê Lợi,0.0,Không mưa,26/12/2025 19:00,26/12/2025 21:37:09
Lai Châu,Khổng Lào 1,xã Khổng Lào,0.0,Không mưa,26/12/2025 19:00,26/12/2025 21:37:09
Lai Châu,"Nậm Ngà (Mường Tè, Lai Châu)",xã Tà Tổng,0.0,Không mưa,26/12/2025 19:00,26/12/2025 21:37:09
Lai Châu,"Lùng Thàng (Sìn Hồ, Lai Châu)",xã Nậm Tăm,0.0,Không mưa,26/12/2025 19:00,26/12/2025 21:37:09
Lai Châu,Bản Bo,xã Bản Bo,0.0,Không mưa,26/12/2025 19:00,26/12/2025 21:37:09
Lai Châu,Nùng Nàng,phường Tân Phong,0.0,Không mưa,26/12/2025 19:00,26/12/2025 21:37:09
Lai Châu,Nậm Cuổi,xã Nậm Cuổi,0.0,Không mưa,26/12/2025 19:00,26/12/2025 21:37:09
Lai Châu,"Lản Nhì Thàng (Phong Thổ, Lai Châu)",phường Đoàn Kết,0.0,Không mưa,26/12/2025 19:00,26/12/2025 21:37:09
Lai Châu,Dào San 2,xã Dào San,0.0,Không mưa,26/12/2025 19:00,26/12/2025 21:37:09
Lai Châu,Trung Đồng 2,xã Tân Uyên,0.0,Không mưa,26/12/2025 19:00,26/12/2025 21:37:09
Lai Châu,Bản Giang,phường Tân Phong,0.0,Không mưa,26/12/2025 19:00,26/12/2025 21:37:09
Lai Châu,Kan Hồ 2,xã Bum Tở,0.0,Không mưa,26/12/2025 19:00,26/12/2025 21:37:09
Lai Châu,Nậm Cha,xã Nậm Tăm,0.0,Không mưa,26/12/2025 19:00,26/12/2025 21:37:09
Lai Châu,Pa Nậm Cúm,xã Phong Thổ,0.0,Không mưa,26/12/2025 19:00,26/12/2025 21:37:09
Lai Châu,Pa Ủ 2,xã Pa Ủ,0.0,Không mưa,26/12/2025 19:00,26/12/2025 21:37:09
Lai Châu,Tả Ngảo,xã Tủa Sín Chải,0.0,Không mưa,26/12/2025 19:00,26/12/2025 21:37:09
Lai Châu,Nậm Hàng 2,xã Nậm Hàng,0.0,Không mưa,26/12/2025 19:00,26/12/2025 21:37:09
Lai Châu,Hoang Thèn 1,xã Khổng Lào,0.0,Không mưa,26/12/2025 19:00,26/12/2025 21:37:09
Lai Châu,"Phúc Khoa (Tân Uyên, Lai Châu)",xã Mường Khoa,0.0,Không mưa,26/12/2025 19:00,26/12/2025 21:37:09
Lai Châu,Sì Lờ Lầu,xã Sì Lở Lầu,0.0,Không mưa,26/12/2025 19:00,26/12/2025 21:37:09
Lai Châu,Pa Thắng,xã Thu Lũm,0.0,Không mưa,26/12/2025 19:00,26/12/2025 21:37:09
Lai Châu,"Mường Mít (Than Uyên, Lai Châu)",xã Mường Than,0.0,Không mưa,26/12/2025 19:00,26/12/2025 21:37:09
Lai Châu,"Nậm Cha (Sìn Hồ, Lai Châu)",xã Nậm Tăm,0.0,Không mưa,26/12/2025 19:00,26/12/2025 21:37:09
Lai Châu,Chăn Nưa 1,xã Lê Lợi,0.0,Không mưa,26/12/2025 19:00,26/12/2025 21:37:09
Lai Châu,Tà Gia 2,xã Khoen On,0.0,Không mưa,26/12/2025 19:00,26/12/2025 21:37:09
Lai Châu,Nậm Khao 2,xã Mường Tè,0.0,Không mưa,26/12/2025 19:00,26/12/2025 21:37:09
Lai Châu,Trung Chải,xã Pa Tần,0.0,Không mưa,26/12/2025 19:00,26/12/2025 21:37:09
Lai Châu,Mường Mô 2,xã Mường Mô,0.0,Không mưa,26/12/2025 19:00,26/12/2025 21:37:09
Lai Châu,Phìn Hồ 3,xã Hồng Thu,0.0,Không mưa,26/12/2025 19:00,26/12/2025 21:37:09
Lai Châu,Pa Vệ Sử 4,xã Bum Nưa,0.0,Không mưa,26/12/2025 19:00,26/12/2025 21:37:09
Lai Châu,Nậm Xe 2,xã Sin Suối Hồ,0.0,Không mưa,26/12/2025 19:00,26/12/2025 21:37:09
Lai Châu,"Nậm Sỏ (Tân Uyên, Lai Châu)",xã Nậm Sỏ,0.0,Không mưa,26/12/2025 19:00,26/12/2025 21:37:09
Lai Châu,"Pha Mu (Than Uyên, Lai Châu)",xã Mường Kim,0.0,Không mưa,26/12/2025 19:00,26/12/2025 21:37:09
Lai Châu,Nậm Loỏng,phường Đoàn Kết,0.0,Không mưa,26/12/2025 19:00,26/12/2025 21:37:09
Lai Châu,"Nậm Hàng 2 (Nậm Nhùn, Lai Châu)",xã Nậm Hàng,0.0,Không mưa,26/12/2025 19:00,26/12/2025 21:37:09
Lai Châu,Nậm Sỏ 2,xã Nậm Sỏ,0.0,Không mưa,26/12/2025 19:00,26/12/2025 21:37:09
Lai Châu,Tà Tổng 2,xã Tà Tổng,0.0,Không mưa,26/12/2025 19:00,26/12/2025 21:37:09
Lai Châu,"Thị trấn Tân Uyên (Tân Uyên, Lai Châu)",xã Tân Uyên,0.0,Không mưa,26/12/2025 19:00,26/12/2025 21:37:09
Lai Châu,Nậm Xe 1,xã Sin Suối Hồ,0.0,Không mưa,26/12/2025 19:00,26/12/2025 21:37:09
Lai Châu,Ka Lăng 2,xã Thu Lũm,0.0,Không mưa,26/12/2025 19:00,26/12/2025 21:37:09
Lai Châu,"Huổi Cuổng (Mường Tè, Lai Châu)",xã Hua Bum,0.0,Không mưa,26/12/2025 19:00,26/12/2025 21:37:09
Lai Châu,Bình Lư 2,xã Bình Lư,0.0,Không mưa,26/12/2025 19:00,26/12/2025 21:37:09
Lai Châu,Pac Ma,xã Bum Tở,0.0,Không mưa,26/12/2025 19:00,26/12/2025 21:37:09
Lai Châu,"Ta Gia (Than Uyên, Lai Châu)",xã Khoen On,0.0,Không mưa,26/12/2025 19:00,26/12/2025 21:37:09
Lai Châu,Ka Lăng,xã Thu Lũm,0.0,Không mưa,26/12/2025 19:00,26/12/2025 21:37:09
Lai Châu,Bản Lang 2,xã Khổng Lào,0.0,Không mưa,26/12/2025 19:00,26/12/2025 21:37:09
Lai Châu,Làng Mô 2,xã Tủa Sín Chải,0.0,Không mưa,26/12/2025 19:00,26/12/2025 21:37:09
Lai Châu,Tả Phìn,xã Sìn Hồ,0.0,Không mưa,26/12/2025 19:00,26/12/2025 21:37:09
Lai Châu,Chăn Nưa 2,xã Lê Lợi,0.0,Không mưa,26/12/2025 19:00,26/12/2025 21:37:09
Lai Châu,Tà Tổng 1,xã Tà Tổng,0.0,Không mưa,26/12/2025 19:00,26/12/2025 21:37:09
Lai Châu,Tà Mít,xã Nậm Sỏ,0.0,Không mưa,26/12/2025 19:00,26/12/2025 21:37:09
Lai Châu,"Tủa Sín Chải (Sìn Hồ, Lai Châu)",xã Tủa Sín Chải,0.0,Không mưa,26/12/2025 19:00,26/12/2025 21:37:09
Lai Châu,Nà Tăm,xã Bản Bo,0.0,Không mưa,26/12/2025 19:00,26/12/2025 21:37:09
Lai Châu,Hua Bum 3,xã Hua Bum,0.0,Không mưa,26/12/2025 19:00,26/12/2025 21:37:09
Lai Châu,Làng Mô 1,xã Tủa Sín Chải,0.0,Không mưa,26/12/2025 19:00,26/12/2025 21:37:09
Lai Châu,Lê Lợi,xã Lê Lợi,0.0,Không mưa,26/12/2025 19:00,26/12/2025 21:37:09
Lai Châu,"Tà Hừa (Than Uyên, Lai Châu)",xã Mường Kim,0.0,Không mưa,26/12/2025 19:00,26/12/2025 21:37:09
Lai Châu,Pắc Ta,xã Pắc Ta,0.0,Không mưa,26/12/2025 19:00,26/12/2025 21:37:09
Lai Châu,"Nậm Chà (Nậm Nhùn, Lai Châu)",xã Mường Mô,0.0,Không mưa,26/12/2025 19:00,26/12/2025 21:37:09
Lai Châu,Nậm Hăn 2,xã Nậm Cuổi,0.0,Không mưa,26/12/2025 19:00,26/12/2025 21:37:09
Lai Châu,Nậm Manh,xã Nậm Hàng,0.0,Không mưa,26/12/2025 19:00,26/12/2025 21:37:09
Lai Châu,Sơn Bình 2,xã Bình Lư,0.0,Không mưa,26/12/2025 19:00,26/12/2025 21:37:09
Lai Châu,Hồng Thu,xã Hồng Thu,0.0,Không mưa,26/12/2025 19:00,26/12/2025 21:37:09
Lai Châu,Vàng Bó,xã Phong Thổ,0.0,Không mưa,26/12/2025 19:00,26/12/2025 21:37:09
Lai Châu,Bình Lư 3,xã Bình Lư,0.0,Không mưa,26/12/2025 19:00,26/12/2025 21:37:09
Lai Châu,Nậm Hăn 1,xã Nậm Cuổi,0.0,Không mưa,26/12/2025 19:00,26/12/2025 21:37:09
Lai Châu,Căn Co 3,xã Nậm Mạ,0.0,Không mưa,26/12/2025 19:00,26/12/2025 21:37:09
Lai Châu,Tả Lèng,xã Tả Lèng,0.0,Không mưa,26/12/2025 19:00,26/12/2025 21:37:09
Lai Châu,Nà Cang,xã Than Uyên,0.0,Không mưa,26/12/2025 19:00,26/12/2025 21:37:09
Lai Châu,Nậm Cuổi 2,xã Nậm Cuổi,0.0,Không mưa,26/12/2025 19:00,26/12/2025 21:37:09
Lai Châu,Hua Bum 2,xã Hua Bum,0.0,Không mưa,26/12/2025 19:00,26/12/2025 21:37:09
Lai Châu,"Bản Lang (Phong Thổ, Lai Châu)",xã Khổng Lào,0.0,Không mưa,26/12/2025 19:00,26/12/2025 21:37:09
Lai Châu,Hồ Thầu,xã Tả Lèng,0.0,Không mưa,26/12/2025 19:00,26/12/2025 21:37:09
Lai Châu,Noong Hẻo,xã Pu Sam Cáp,0.0,Không mưa,26/12/2025 19:00,26/12/2025 21:37:09
Lai Châu,Mù Cả,xã Mù Cả,0.0,Không mưa,26/12/2025 19:00,26/12/2025 21:37:09
Lai Châu,Xà Dề Phìn,xã Sìn Hồ,0.0,Không mưa,26/12/2025 19:00,26/12/2025 21:37:09
Lai Châu,Nậm Tăm 2,xã Nậm Tăm,0.0,Không mưa,26/12/2025 19:00,26/12/2025 21:37:09
Lai Châu,Pa Ủ,xã Pa Ủ,0.0,Không mưa,26/12/2025 19:00,26/12/2025 21:37:09
Lai Châu,"Cao Chải (Mường Tè, Lai Châu)",xã Tà Tổng,0.0,Không mưa,26/12/2025 19:00,26/12/2025 21:37:09
Lai Châu,Mường Tè,xã Bum Tở,0.0,Không mưa,26/12/2025 19:00,26/12/2025 21:37:09
Lai Châu,Pa Vệ Sử 3,xã Bum Nưa,0.0,Không mưa,26/12/2025 19:00,26/12/2025 21:37:09
Lai Châu,Nậm Hàng 3,xã Nậm Hàng,0.0,Không mưa,26/12/2025 19:00,26/12/2025 21:37:09
Lai Châu,"Khun Há 2 (Tam Đường, Lai Châu)",xã Khun Há,0.0,Không mưa,26/12/2025 19:00,26/12/2025 21:37:09
Lai Châu,Nậm Ban,xã Pa Tần,0.0,Không mưa,26/12/2025 19:00,26/12/2025 21:37:09
Lai Châu,Căn Co 2,xã Nậm Mạ,0.0,Không mưa,26/12/2025 19:00,26/12/2025 21:37:09
Lai Châu,Khoen On,xã Khoen On,0.0,Không mưa,26/12/2025 19:00,26/12/2025 21:37:09
Lai Châu,Mường Khoa 1,xã Mường Khoa,0.0,Không mưa,26/12/2025 19:00,26/12/2025 21:37:09
Lai Châu,Phu Nậm Sap,xã Than Uyên,0.0,Không mưa,26/12/2025 19:00,26/12/2025 21:37:09
Lai Châu,Nậm Xe 3,xã Sin Suối Hồ,0.0,Không mưa,26/12/2025 19:00,26/12/2025 21:37:09
Lai Châu,"Nậm Ban (Sìn Hồ, Lai Châu)",xã Pa Tần,0.0,Không mưa,26/12/2025 19:00,26/12/2025 21:37:09
Lai Châu,"Xã Mường Tè (Mường Tè, Lai Châu)",xã Bum Tở,0.0,Không mưa,26/12/2025 19:00,26/12/2025 21:37:09
Lai Châu,Ma Ký,xã Mù Cả,0.0,Không mưa,26/12/2025 19:00,26/12/2025 21:37:09
Lai Châu,Pa Tần,xã Pa Tần,0.0,Không mưa,26/12/2025 19:00,26/12/2025 21:37:09
Lai Châu,"Nậm Khăn - Tà Mít (Tân Uyên, Lai Châu)",xã Nậm Sỏ,0.0,Không mưa,26/12/2025 19:00,26/12/2025 21:37:09
Lai Châu,Bum Nưa,xã Bum Nưa,0.0,Không mưa,26/12/2025 19:00,26/12/2025 21:37:09
Lai Châu,Mường Mô 1,xã Mường Mô,0.0,Không mưa,26/12/2025 19:00,26/12/2025 21:37:09
Lai Châu,"Nậm Hàng 1 (Nậm Nhùn, Lai Châu)",xã Nậm Hàng,0.0,Không mưa,26/12/2025 19:00,26/12/2025 21:37:09
Lai Châu,Thu Lũm 2,xã Thu Lũm,0.0,Không mưa,26/12/2025 19:00,26/12/2025 21:37:09
Lai Châu,Mường Mô 3,xã Mường Mô,0.0,Không mưa,26/12/2025 19:00,26/12/2025 21:37:09
Lai Châu,Pa Tần 2,xã Pa Tần,0.0,Không mưa,26/12/2025 19:00,26/12/2025 21:37:09
Lai Châu,"Khun Há (Tam Đường, Lai Châu)",xã Khun Há,0.0,Không mưa,26/12/2025 19:00,26/12/2025 21:37:09
Lai Châu,Nậm Cần,xã Tân Uyên,0.0,Không mưa,26/12/2025 19:00,26/12/2025 21:37:09
Lai Châu,"Tả Ngảo (Sìn Hồ, Lai Châu)",xã Tủa Sín Chải,0.0,Không mưa,26/12/2025 19:00,26/12/2025 21:37:09
Lai Châu,Hoang Thèn,xã Khổng Lào,0.0,Không mưa,26/12/2025 19:00,26/12/2025 21:37:09
Lai Châu,Dào San 3,xã Dào San,0.0,Không mưa,26/12/2025 19:00,26/12/2025 21:37:09
Lai Châu,Trung Đồng 1,xã Tân Uyên,0.0,Không mưa,26/12/2025 19:00,26/12/2025 21:37:09
Lai Châu,Nậm Tăm 3,xã Nậm Tăm,0.0,Không mưa,26/12/2025 19:00,26/12/2025 21:37:09
Lai Châu,Ma Quai,xã Hồng Thu,0.0,Không mưa,26/12/2025 19:00,26/12/2025 21:37:09
Lai Châu,"Nậm Khao (Mường Tè, Lai Châu)",xã Mường Tè,0.0,Không mưa,26/12/2025 19:00,26/12/2025 21:37:09
Sơn La,Bon Phặng,xã Muổi Nọi,0.0,Không mưa,26/12/2025 19:00,26/12/2025 21:37:09
Sơn La,Huy Tân 1,xã Phù Yên,0.0,Không mưa,26/12/2025 19:00,26/12/2025 21:37:09
Sơn La,Mường Sại PCTT,xã Mường Sại,0.0,Không mưa,26/12/2025 19:00,26/12/2025 21:37:09
Sơn La,Xím Vàng,xã Xím Vàng,0.0,Không mưa,26/12/2025 19:00,26/12/2025 21:37:09
Sơn La,Nà Ớt,xã Phiêng Pằn,0.0,Không mưa,26/12/2025 19:00,26/12/2025 21:37:09
Sơn La,Mường Giôn PCTT,xã Mường Giôn,0.0,Không mưa,26/12/2025 19:00,26/12/2025 21:37:09
Sơn La,Mường Lựm,xã Chiềng Hặc,0.0,Không mưa,26/12/2025 19:00,26/12/2025 21:37:09
Sơn La,Pú Dảnh,xã Ngọc Chiến,0.0,Không mưa,26/12/2025 19:00,26/12/2025 21:37:09
Sơn La,Chiềng Bôm PCTT,xã Nậm Lầu,0.0,Không mưa,26/12/2025 19:00,26/12/2025 21:37:09
Sơn La,Chiềng Khoa,xã Tô Múa,0.0,Không mưa,26/12/2025 19:00,26/12/2025 21:37:09
Sơn La,Chiềng Khừa,xã Lóng Sập,0.0,Không mưa,26/12/2025 19:00,26/12/2025 21:37:09
Sơn La,Chiềng Công,xã Chiềng Hoa,0.0,Không mưa,26/12/2025 19:00,26/12/2025 21:37:09
Sơn La,Lóng Phiêng,xã Lóng Phiêng,0.0,Không mưa,26/12/2025 19:00,26/12/2025 21:37:09
Sơn La,Chiềng Đông,xã Yên Châu,0.0,Không mưa,26/12/2025 19:00,26/12/2025 21:37:09
Sơn La,Muổi Nọi 1,xã Muổi Nọi,0.0,Không mưa,26/12/2025 19:00,26/12/2025 21:37:09
Sơn La,Song Pe,xã Bắc Yên,0.0,Không mưa,26/12/2025 19:00,26/12/2025 21:37:09
Sơn La,Chiềng Ban,xã Chiềng Mai,0.0,Không mưa,26/12/2025 19:00,26/12/2025 21:37:09
Sơn La,Nà Bó,xã Tà Hộc,0.0,Không mưa,26/12/2025 19:00,26/12/2025 21:37:09
Sơn La,Chiềng Khoong 1,xã Chiềng Khoong,0.0,Không mưa,26/12/2025 19:00,26/12/2025 21:37:09
Sơn La,Chiềng Sinh 1,phường Chiềng Sinh,0.0,Không mưa,26/12/2025 19:00,26/12/2025 21:37:09
Sơn La,Hua Nhàn,xã Tạ Khoa,0.0,Không mưa,26/12/2025 19:00,26/12/2025 21:37:09
Sơn La,Chiềng Sại,xã Chiềng Sại,0.0,Không mưa,26/12/2025 19:00,26/12/2025 21:37:09
Sơn La,Mường Thải,xã Mường Cơi,0.0,Không mưa,26/12/2025 19:00,26/12/2025 21:37:09
Sơn La,Mường Chùm 1,xã Mường Bú,0.0,Không mưa,26/12/2025 19:00,26/12/2025 21:37:09
Sơn La,Lóng Sập,xã Lóng Sập,0.0,Không mưa,26/12/2025 19:00,26/12/2025 21:37:09
Sơn La,Phiêng Cằm 1,xã Phiêng Cằm,0.0,Không mưa,26/12/2025 19:00,26/12/2025 21:37:09
Sơn La,Chiềng Chung 2,xã Mường Chanh,0.0,Không mưa,26/12/2025 19:00,26/12/2025 21:37:09
Sơn La,"Chiềng Ơn (Chiềng Ơn, Sơn La)",xã Quỳnh Nhai,0.0,Không mưa,26/12/2025 19:00,26/12/2025 21:37:09
Sơn La,"Mường Khiêng 2 (Thuận Châu, Sơn La)",xã Mường Khiêng,0.0,Không mưa,26/12/2025 19:00,26/12/2025 21:37:09
Sơn La,Long Hẹ 1,xã Long Hẹ,0.0,Không mưa,26/12/2025 19:00,26/12/2025 21:37:09
Sơn La,Km22,xã Vân Hồ,0.0,Không mưa,26/12/2025 19:00,26/12/2025 21:37:09
Sơn La,"Nậm Păm (Nậm Păm, Mường La)",xã Mường La,0.0,Không mưa,26/12/2025 19:00,26/12/2025 21:37:09
Sơn La,Chiềng Công 1,xã Chiềng Hoa,0.0,Không mưa,26/12/2025 19:00,26/12/2025 21:37:09
Sơn La,Bó Mười PCTT,xã Mường Khiêng,0.0,Không mưa,26/12/2025 19:00,26/12/2025 21:37:09
Sơn La,"Cà Nàng (Quỳnh Nhai, Sơn La)",xã Mường Chiên,0.0,Không mưa,26/12/2025 19:00,26/12/2025 21:37:09
Sơn La,"Chiềng Khay (Quỳnh Nhai, Sơn La)",xã Mường Chiên,0.0,Không mưa,26/12/2025 19:00,26/12/2025 21:37:09
Sơn La,Tân Lang,xã Mường Cơi,0.0,Không mưa,26/12/2025 19:00,26/12/2025 21:37:09
Sơn La,Tà Xùa 1,xã Tà Xùa,0.0,Không mưa,26/12/2025 19:00,26/12/2025 21:37:09
Sơn La,Mường Giôn,xã Mường Giôn,0.0,Không mưa,26/12/2025 19:00,26/12/2025 21:37:09
Sơn La,Mường Bám 1,xã Mường Bám,0.0,Không mưa,26/12/2025 19:00,26/12/2025 21:37:09
Sơn La,Mường Bang 1,xã Mường Bang,0.0,Không mưa,26/12/2025 19:00,26/12/2025 21:37:09
Sơn La,Tạ Khoa,xã Tạ Khoa,0.0,Không mưa,26/12/2025 19:00,26/12/2025 21:37:09
Sơn La,Ngọc Chiến 3,xã Ngọc Chiến,0.0,Không mưa,26/12/2025 19:00,26/12/2025 21:37:09
Sơn La,Phiêng Khoài 1,xã Phiêng Khoài,0.0,Không mưa,26/12/2025 19:00,26/12/2025 21:37:09
Sơn La,Sam Kha,xã Púng Bánh,0.0,Không mưa,26/12/2025 19:00,26/12/2025 21:37:09
Sơn La,Mường Bám 2,xã Mường Bám,0.0,Không mưa,26/12/2025 19:00,26/12/2025 21:37:09
Sơn La,Sốp Cộp,xã Sốp Cộp,0.0,Không mưa,26/12/2025 19:00,26/12/2025 21:37:09
Sơn La,Hua Trai,xã Chiềng Lao,0.0,Không mưa,26/12/2025 19:00,26/12/2025 21:37:09
Sơn La,Bản Lầm,xã Muổi Nọi,0.0,Không mưa,26/12/2025 19:00,26/12/2025 21:37:09
Sơn La,Chiềng Lao 2,xã Chiềng Lao,0.0,Không mưa,26/12/2025 19:00,26/12/2025 21:37:09
Sơn La,Hang Chú,xã Xím Vàng,0.0,Không mưa,26/12/2025 19:00,26/12/2025 21:37:09
Sơn La,Chiềng Ngàm,xã Chiềng La,0.0,Không mưa,26/12/2025 19:00,26/12/2025 21:37:09
Sơn La,Chiềng Ngần,phường Chiềng Sinh,0.0,Không mưa,26/12/2025 19:00,26/12/2025 21:37:09
Sơn La,Ít Ong,xã Mường La,0.0,Không mưa,26/12/2025 19:00,26/12/2025 21:37:09
Sơn La,Chiềng Lao 1,xã Chiềng Lao,0.0,Không mưa,26/12/2025 19:00,26/12/2025 21:37:09
Sơn La,Mường Sai 2,xã Chiềng Khương,0.0,Không mưa,26/12/2025 19:00,26/12/2025 21:37:09
Sơn La,Mường É,xã Mường É,0.0,Không mưa,26/12/2025 19:00,26/12/2025 21:37:09
Sơn La,Chiềng Dong,xã Chiềng Mai,0.0,Không mưa,26/12/2025 19:00,26/12/2025 21:37:09
Sơn La,Chiềng Pha PCTT,xã Bình Thuận,0.0,Không mưa,26/12/2025 19:00,26/12/2025 21:37:09
Sơn La,Nậm Lầu 3,xã Nậm Lầu,0.0,Không mưa,26/12/2025 19:00,26/12/2025 21:37:09
Sơn La,Bó Mười,xã Mường Khiêng,0.0,Không mưa,26/12/2025 19:00,26/12/2025 21:37:09
Sơn La,Mường Giàng,xã Quỳnh Nhai,0.0,Không mưa,26/12/2025 19:00,26/12/2025 21:37:09
Sơn La,Tân Lập 1,xã Tân Yên,0.0,Không mưa,26/12/2025 19:00,26/12/2025 21:37:09
Sơn La,Tú Nang,xã Chiềng Hặc,0.0,Không mưa,26/12/2025 19:00,26/12/2025 21:37:09
Sơn La,Mường Khiêng,xã Mường Khiêng,0.0,Không mưa,26/12/2025 19:00,26/12/2025 21:37:09
Sơn La,Mường Bám 1 PCTT,xã Mường Bám,0.0,Không mưa,26/12/2025 19:00,26/12/2025 21:37:09
Sơn La,Chiềng Ơn,xã Quỳnh Nhai,0.0,Không mưa,26/12/2025 19:00,26/12/2025 21:37:09
Sơn La,Mường Trai,xã Mường La,0.0,Không mưa,26/12/2025 19:00,26/12/2025 21:37:09
Sơn La,Hồ Bản Mòn,xã Chiềng Mung,0.0,Không mưa,26/12/2025 19:00,26/12/2025 21:37:09
Sơn La,Làng Chếu 2,xã Tà Xùa,0.0,Không mưa,26/12/2025 19:00,26/12/2025 21:37:09
Sơn La,Chiềng Bôm,xã Nậm Lầu,0.0,Không mưa,26/12/2025 19:00,26/12/2025 21:37:09
Sơn La,Tân Xuân,xã Xuân Nha,0.0,Không mưa,26/12/2025 19:00,26/12/2025 21:37:09
Sơn La,Mường Sại,xã Quỳnh Nhai,0.0,Không mưa,26/12/2025 19:00,26/12/2025 21:37:09
Sơn La,"Chiềng Lao (Mường La, Sơn La)",xã Chiềng Lao,0.0,Không mưa,26/12/2025 19:00,26/12/2025 21:37:09
Sơn La,Púng Tra,xã Nậm Lầu,0.0,Không mưa,26/12/2025 19:00,26/12/2025 21:37:09
Sơn La,"Thủy điện Sơn La (Mường La, Sơn La)",xã Mường La,0.0,Không mưa,26/12/2025 19:00,26/12/2025 21:37:09
Sơn La,Mường Lèo,xã Mường Lèo,0.0,Không mưa,26/12/2025 19:00,26/12/2025 21:37:09
Sơn La,Chiềng Sung,xã Chiềng Sung,0.0,Không mưa,26/12/2025 19:00,26/12/2025 21:37:09
Sơn La,Ngọc Chiến 1,xã Ngọc Chiến,0.0,Không mưa,26/12/2025 19:00,26/12/2025 21:37:09
Sơn La,Mường Chiên 3,xã Mường Chiên,0.0,Không mưa,26/12/2025 19:00,26/12/2025 21:37:09
Sơn La,"Nậm Giôn (Mường La, Sơn La)",xã Chiềng Lao,0.0,Không mưa,26/12/2025 19:00,26/12/2025 21:37:09
Sơn La,Nậm Lầu 2,xã Nậm Lầu,0.0,Không mưa,26/12/2025 19:00,26/12/2025 21:37:09
Sơn La,Gia Phù,xã Gia Phù,0.0,Không mưa,26/12/2025 19:00,26/12/2025 21:37:09
Sơn La,Phỏng Lái 1,xã Bình Thuận,0.0,Không mưa,26/12/2025 19:00,26/12/2025 21:37:09
Sơn La,Nậm Păm,xã Mường La,0.0,Không mưa,26/12/2025 19:00,26/12/2025 21:37:09
Sơn La,"Mường Khiêng 1 (Thuận Châu, Sơn La)",xã Mường Khiêng,0.0,Không mưa,26/12/2025 19:00,26/12/2025 21:37:09
Sơn La,Chiềng Cọ,phường Chiềng Cơi,0.0,Không mưa,26/12/2025 19:00,26/12/2025 21:37:09
Sơn La,"Nậm Ét (Quỳnh Nhai, Sơn La)",xã Mường Sại,0.0,Không mưa,26/12/2025 19:00,26/12/2025 21:37:09
Sơn La,Pắc Ma,xã Mường Giôn,0.0,Không mưa,26/12/2025 19:00,26/12/2025 21:37:09
Sơn La,Cà Nàng,xã Mường Chiên,0.0,Không mưa,26/12/2025 19:00,26/12/2025 21:37:09
Sơn La,Thuận Châu,xã Thuận Châu,0.0,Không mưa,26/12/2025 19:00,26/12/2025 21:37:09
Sơn La,Co Tòng,xã Co Mạ,0.0,Không mưa,26/12/2025 19:00,26/12/2025 21:37:09
Sơn La,Co Mạ,xã Co Mạ,0.0,Không mưa,26/12/2025 19:00,26/12/2025 21:37:09
Sơn La,Long Hẹ 2,xã Long Hẹ,0.0,Không mưa,26/12/2025 19:00,26/12/2025 21:37:09
Sơn La,Chiềng Đen,phường Chiềng An,0.0,Không mưa,26/12/2025 19:00,26/12/2025 21:37:09
Sơn La,Mường Lạn,xã Mường Lạn,0.0,Không mưa,26/12/2025 19:00,26/12/2025 21:37:09
Sơn La,Chiềng Mai,xã Chiềng Mai,0.0,Không mưa,26/12/2025 19:00,26/12/2025 21:37:09
Sơn La,Chiềng Chăn,xã Chiềng Sung,0.0,Không mưa,26/12/2025 19:00,26/12/2025 21:37:09
Sơn La,Chiềng On,xã Yên Sơn,0.0,Không mưa,26/12/2025 19:00,26/12/2025 21:37:09
Sơn La,Chiềng Khoang,xã Quỳnh Nhai,0.0,Không mưa,26/12/2025 19:00,26/12/2025 21:37:09
Sơn La,Chiềng Khay,xã Mường Chiên,0.0,Không mưa,26/12/2025 19:00,26/12/2025 21:37:09
Sơn La,Phỏng Lái 2,xã Bình Thuận,0.0,Không mưa,26/12/2025 19:00,26/12/2025 21:37:09
Sơn La,Mường Bú,xã Mường Bú,0.0,Không mưa,26/12/2025 19:00,26/12/2025 21:37:09
Sơn La,Chiềng Hoa 2,xã Chiềng Hoa,0.0,Không mưa,26/12/2025 19:00,26/12/2025 21:37:09
Sơn La,Mường Chiên 2,xã Mường Chiên,0.0,Không mưa,26/12/2025 19:00,26/12/2025 21:37:09
Sơn La,Hồ Suối Hòm,xã Phù Yên,0.0,Không mưa,26/12/2025 19:00,26/12/2025 21:37:09
Sơn La,Hồ Chiềng Khoi,xã Yên Châu,0.0,Không mưa,26/12/2025 19:00,26/12/2025 21:37:09
Sơn La,Long Hẹ 1 PCTT,xã Long Hẹ,0.0,Không mưa,26/12/2025 19:00,26/12/2025 21:37:09
Sơn La,Pha Khinh,xã Mường Giôn,0.0,Không mưa,26/12/2025 19:00,26/12/2025 21:37:09
Sơn La,"Tang Phứng (Quỳnh Nhai, Sơn La)",xã Mường Giôn,0.0,Không mưa,26/12/2025 19:00,26/12/2025 21:37:09
Sơn La,Đứa Mòn,xã Mường Lầm,0.0,Không mưa,26/12/2025 19:00,26/12/2025 21:37:09
Sơn La,Chiềng Muôn,xã Mường La,0.0,Không mưa,26/12/2025 19:00,26/12/2025 21:37:09
Sơn La,Tà Xùa 2,xã Tà Xùa,0.0,Không mưa,26/12/2025 19:00,26/12/2025 21:37:09
Sơn La,Làng Chếu 4,xã Tà Xùa,0.0,Không mưa,26/12/2025 19:00,26/12/2025 21:37:09
Sơn La,Sập Xa,xã Gia Phù,0.0,Không mưa,26/12/2025 19:00,26/12/2025 21:37:09
Sơn La,Km46,xã Vân Hồ,0.0,Không mưa,26/12/2025 19:00,26/12/2025 21:37:09
Sơn La,Chiềng Pha,xã Bình Thuận,0.0,Không mưa,26/12/2025 19:00,26/12/2025 21:37:09
Sơn La,Mường Trai,xã Mường La,0.0,Không mưa,26/12/2025 19:00,26/12/2025 21:37:09
Sơn La,Chiềng Xôm,phường Chiềng An,0.0,Không mưa,26/12/2025 19:00,26/12/2025 21:37:09
Sơn La,Nậm Ét,xã Mường Sại,0.0,Không mưa,26/12/2025 19:00,26/12/2025 21:37:09
Thái Nguyên,Lương Sơn,phường Bách Quang,0.0,Không mưa,26/12/2025 19:00,26/12/2025 21:37:09
Thái Nguyên,Phú Đình,xã Phú Đình,0.0,Không mưa,26/12/2025 19:00,26/12/2025 21:37:09
Thái Nguyên,Linh Thông,xã Lam Vỹ,0.0,Không mưa,26/12/2025 19:00,26/12/2025 21:37:09
Thái Nguyên,Phúc Lương,xã Đức Lương,0.0,Không mưa,26/12/2025 19:00,26/12/2025 21:37:09
Thái Nguyên,Thanh Thịnh,xã Thanh Thịnh,0.0,Không mưa,26/12/2025 19:00,26/12/2025 21:37:09
Thái Nguyên,Yến Dương PCTT,xã Thượng Minh,0.0,Không mưa,26/12/2025 19:00,26/12/2025 21:37:09
Thái Nguyên,Bằng Lũng,xã Chợ Đồn,0.0,Không mưa,26/12/2025 19:00,26/12/2025 21:37:09
Thái Nguyên,Minh Tiến,xã Đức Lương,0.0,Không mưa,26/12/2025 19:00,26/12/2025 21:37:09
Thái Nguyên,Than Khánh Hòa,phường Quan Triều,0.0,Không mưa,26/12/2025 19:00,26/12/2025 21:37:09
Thái Nguyên,Quy Kỳ,xã Kim Phượng,0.0,Không mưa,26/12/2025 19:00,26/12/2025 21:37:09
Thái Nguyên,Cúc Đường,xã La Hiên,0.0,Không mưa,26/12/2025 19:00,26/12/2025 21:37:09
Thái Nguyên,Thượng Nung,xã Thần Sa,0.0,Không mưa,26/12/2025 19:00,26/12/2025 21:37:09
Thái Nguyên,Yên Lãng,xã Phú Xuyên,0.0,Không mưa,26/12/2025 19:00,26/12/2025 21:37:09
Thái Nguyên,Mỹ Yên,xã Đại Từ,0.0,Không mưa,26/12/2025 19:00,26/12/2025 21:37:09
Thái Nguyên,Lam Vỹ,xã Lam Vỹ,0.0,Không mưa,26/12/2025 19:00,26/12/2025 21:37:09
Thái Nguyên,Khang Ninh,xã Ba Bể,0.0,Không mưa,26/12/2025 19:00,26/12/2025 21:37:09
Thái Nguyên,Nam Cường,xã Nam Cường,0.0,Không mưa,26/12/2025 19:00,26/12/2025 21:37:09
Thái Nguyên,Hòa Mục,xã Tân Kỳ,0.0,Không mưa,26/12/2025 19:00,26/12/2025 21:37:09
Thái Nguyên,Nam Hòa,xã Nam Hòa,0.0,Không mưa,26/12/2025 19:00,26/12/2025 21:37:09
Thái Nguyên,Côn Minh,xã Côn Minh,0.0,Không mưa,26/12/2025 19:00,26/12/2025 21:37:09
Thái Nguyên,Cốc Đán,xã Ngân Sơn,0.0,Không mưa,26/12/2025 19:00,26/12/2025 21:37:09
Thái Nguyên,Hợp Tiến,xã Trại Cau,0.0,Không mưa,26/12/2025 19:00,26/12/2025 21:37:09
Thái Nguyên,Hoàng Nông,xã La Bằng,0.0,Không mưa,26/12/2025 19:00,26/12/2025 21:37:09
Thái Nguyên,Bộc Nhiêu,xã Trung Hội,0.0,Không mưa,26/12/2025 19:00,26/12/2025 21:37:09
Thái Nguyên,Trại Cau,xã Trại Cau,0.0,Không mưa,26/12/2025 19:00,26/12/2025 21:37:09
Thái Nguyên,Sông Cầu,xã Đồng Hỷ,0.0,Không mưa,26/12/2025 19:00,26/12/2025 21:37:09
Thái Nguyên,Hảo Nghĩa,xã Trần Phú,0.0,Không mưa,26/12/2025 19:00,26/12/2025 21:37:09
Thái Nguyên,Bình Sơn,xã Tân Cương,0.0,Không mưa,26/12/2025 19:00,26/12/2025 21:37:09
Thái Nguyên,Văn Hán,xã Văn Hán,0.0,Không mưa,26/12/2025 19:00,26/12/2025 21:37:09
Thái Nguyên,Tân Sơn,xã Tân Kỳ,0.0,Không mưa,26/12/2025 19:00,26/12/2025 21:37:09
Thái Nguyên,Cù Vân,xã An Khánh,0.0,Không mưa,26/12/2025 19:00,26/12/2025 21:37:09
Thái Nguyên,Phương Giao,xã Dân Tiến,0.0,Không mưa,26/12/2025 19:00,26/12/2025 21:37:09
Thái Nguyên,Đồng Quang,phường Phan Đình Phùng,0.0,Không mưa,26/12/2025 19:00,26/12/2025 21:37:09
Thái Nguyên,Tràng Xá,xã Tràng Xá,0.0,Không mưa,26/12/2025 19:00,26/12/2025 21:37:09
Thái Nguyên,Quảng Bạch PCTT,xã Quảng Bạch,0.0,Không mưa,26/12/2025 19:00,26/12/2025 21:37:09
Thái Nguyên,Vũ Loan,xã Cường Lợi,0.0,Không mưa,26/12/2025 19:00,26/12/2025 21:37:09
Thái Nguyên,Lương Phú,xã Kha Sơn,0.0,Không mưa,26/12/2025 19:00,26/12/2025 21:37:09
Thái Nguyên,Hiệp Lực,xã Hiệp Lực,0.0,Không mưa,26/12/2025 19:00,26/12/2025 21:37:09
Thái Nguyên,Trung Hội,xã Trung Hội,0.0,Không mưa,26/12/2025 19:00,26/12/2025 21:37:09
Thái Nguyên,Bình Long,xã Dân Tiến,0.0,Không mưa,26/12/2025 19:00,26/12/2025 21:37:09
Thái Nguyên,Bộc Bố,xã Bằng Thành,0.0,Không mưa,26/12/2025 19:00,26/12/2025 21:37:09
Thái Nguyên,Cao Tân,xã Cao Minh,0.0,Không mưa,26/12/2025 19:00,26/12/2025 21:37:09
Thái Nguyên,Nghinh Tường,xã Nghinh Tường,0.0,Không mưa,26/12/2025 19:00,26/12/2025 21:37:09
Thái Nguyên,Thị trấn Chợ Chu,xã Định Hóa,0.0,Không mưa,26/12/2025 19:00,26/12/2025 21:37:09
Thái Nguyên,Lương Bằng,xã Nghĩa Tá,0.0,Không mưa,26/12/2025 19:00,26/12/2025 21:37:09
Thái Nguyên,Chi cục thủy lợi Bắc Kạn,xã Phong Quang,0.0,Không mưa,26/12/2025 19:00,26/12/2025 21:37:09
Thái Nguyên,Yên Lạc PCTT,xã Phú Lương,0.0,Không mưa,26/12/2025 19:00,26/12/2025 21:37:09
Thái Nguyên,Tân Thái,xã Đại Phúc,0.0,Không mưa,26/12/2025 19:00,26/12/2025 21:37:09
Thái Nguyên,Nà Phặc,xã Nà Phặc,0.0,Không mưa,26/12/2025 19:00,26/12/2025 21:37:09
Thái Nguyên,Bình Trung,xã Nghĩa Tá,0.0,Không mưa,26/12/2025 19:00,26/12/2025 21:37:09
Thái Nguyên,Yên Thượng,xã Yên Thịnh,0.0,Không mưa,26/12/2025 19:00,26/12/2025 21:37:09
Thái Nguyên,Yên Thịnh,xã Yên Thịnh,0.0,Không mưa,26/12/2025 19:00,26/12/2025 21:37:09
Thái Nguyên,Yên Hân,xã Yên Bình,0.0,Không mưa,26/12/2025 19:00,26/12/2025 21:37:09
Thái Nguyên,Đổng Xá,xã Xuân Dương,0.0,Không mưa,26/12/2025 19:00,26/12/2025 21:37:09
Thái Nguyên,Lương Thượng PCTT,xã Văn Lang,0.0,Không mưa,26/12/2025 19:00,26/12/2025 21:37:09
Thái Nguyên,Hóa Thượng,xã Đồng Hỷ,0.0,Không mưa,26/12/2025 19:00,26/12/2025 21:37:09
Thái Nguyên,Tân Linh,xã Phú Lạc,0.0,Không mưa,26/12/2025 19:00,26/12/2025 21:37:09
Thái Nguyên,Phú Lạc,xã Phú Lạc,0.0,Không mưa,26/12/2025 19:00,26/12/2025 21:37:09
Thái Nguyên,Quảng Khê,xã Đồng Phúc,0.0,Không mưa,26/12/2025 19:00,26/12/2025 21:37:09
Thái Nguyên,Thượng Đình,xã Điềm Thụy,0.0,Không mưa,26/12/2025 19:00,26/12/2025 21:37:09
Thái Nguyên,Bảo Linh,xã Định Hóa,0.0,Không mưa,26/12/2025 19:00,26/12/2025 21:37:09
Thái Nguyên,Dương Quang,xã Phong Quang,0.0,Không mưa,26/12/2025 19:00,26/12/2025 21:37:09
Thái Nguyên,Thanh Định,xã Bình Yên,0.0,Không mưa,26/12/2025 19:00,26/12/2025 21:37:09
Thái Nguyên,Lục Bình,xã Phủ Thông,0.0,Không mưa,26/12/2025 19:00,26/12/2025 21:37:09
Thái Nguyên,Đồng Lạc,xã Nam Cường,0.0,Không mưa,26/12/2025 19:00,26/12/2025 21:37:09
Thái Nguyên,Liên Minh,xã Tràng Xá,0.0,Không mưa,26/12/2025 19:00,26/12/2025 21:37:09
Thái Nguyên,Tân Long,xã Quang Sơn,0.0,Không mưa,26/12/2025 19:00,26/12/2025 21:37:09
Thái Nguyên,Phú Tiến,xã Trung Hội,0.0,Không mưa,26/12/2025 19:00,26/12/2025 21:37:09
Thái Nguyên,Vũ Muộn,xã Vĩnh Thông,0.0,Không mưa,26/12/2025 19:00,26/12/2025 21:37:09
Thái Nguyên,Yên Phong,xã Yên Phong,0.0,Không mưa,26/12/2025 19:00,26/12/2025 21:37:09
Thái Nguyên,Tân Khánh,xã Tân Khánh,0.0,Không mưa,26/12/2025 19:00,26/12/2025 21:37:09
Thái Nguyên,Đức Vân,xã Ngân Sơn,0.0,Không mưa,26/12/2025 19:00,26/12/2025 21:37:09
Thái Nguyên,Bằng Thành,xã Bằng Thành,0.0,Không mưa,26/12/2025 19:00,26/12/2025 21:37:09
Thái Nguyên,Bình Thành,xã Bình Thành,0.0,Không mưa,26/12/2025 19:00,26/12/2025 21:37:09
Thái Nguyên,Yên Đổ,xã Yên Trạch,0.0,Không mưa,26/12/2025 19:00,26/12/2025 21:37:09
Thái Nguyên,Nông Thịnh,xã Thanh Thịnh,0.0,Không mưa,26/12/2025 19:00,26/12/2025 21:37:09
Thái Nguyên,Thanh Mai,xã Thanh Mai,0.0,Không mưa,26/12/2025 19:00,26/12/2025 21:37:09
Thái Nguyên,Nhạn Môn PCTT,xã Bằng Thành,0.0,Không mưa,26/12/2025 19:00,26/12/2025 21:37:09
Thái Nguyên,Cẩm Giàng,xã Cẩm Giàng,0.0,Không mưa,26/12/2025 19:00,26/12/2025 21:37:09
Thái Nguyên,Tân Thành,xã Tân Thành,0.0,Không mưa,26/12/2025 19:00,26/12/2025 21:37:09
Thái Nguyên,Sông Công,phường Sông Công,0.0,Không mưa,26/12/2025 19:00,26/12/2025 21:37:09
Thái Nguyên,Phúc Lộc,xã Phúc Lộc,0.0,Không mưa,26/12/2025 19:00,26/12/2025 21:37:09
Thái Nguyên,Xuân La,xã Nghiên Loan,0.0,Không mưa,26/12/2025 19:00,26/12/2025 21:37:09
Thái Nguyên,Đông Viên,xã Bạch Thông,0.0,Không mưa,26/12/2025 19:00,26/12/2025 21:37:09
Thái Nguyên,Thượng Quan PCTT,xã Thượng Quan,0.0,Không mưa,26/12/2025 19:00,26/12/2025 21:37:09
Thái Nguyên,Thị trấn Quân Chu,xã Quân Chu,0.0,Không mưa,26/12/2025 19:00,26/12/2025 21:37:09
Thái Nguyên,Thần Sa,xã Thần Sa,0.0,Không mưa,26/12/2025 19:00,26/12/2025 21:37:09
Thái Nguyên,Bằng Vân,xã Bằng Vân,0.0,Không mưa,26/12/2025 19:00,26/12/2025 21:37:09
Thái Nguyên,Dân Tiến,xã Dân Tiến,0.0,Không mưa,26/12/2025 19:00,26/12/2025 21:37:09
Thái Nguyên,Hà Châu,xã Điềm Thụy,0.0,Không mưa,26/12/2025 19:00,26/12/2025 21:37:09
Thái Nguyên,Cổ Linh,xã Cao Minh,0.0,Không mưa,26/12/2025 19:00,26/12/2025 21:37:09
Thái Nguyên,Phổ Yên,phường Phổ Yên,0.0,Không mưa,26/12/2025 19:00,26/12/2025 21:37:09
Thái Nguyên,Bình Văn,xã Yên Bình,0.0,Không mưa,26/12/2025 19:00,26/12/2025 21:37:09
Thái Nguyên,Phấn Mễ,xã Phú Lương,0.0,Không mưa,26/12/2025 19:00,26/12/2025 21:37:09
Thái Nguyên,Đồng Lạc 1,xã Nam Cường,0.0,Không mưa,26/12/2025 19:00,26/12/2025 21:37:09
Thái Nguyên,Vũ Loan 2,xã Cường Lợi,0.0,Không mưa,26/12/2025 19:00,26/12/2025 21:37:09
Thái Nguyên,Phủ Thông,xã Phủ Thông,0.0,Không mưa,26/12/2025 19:00,26/12/2025 21:37:09
Thái Nguyên,Yên Lạc,xã Na Rì,0.0,Không mưa,26/12/2025 19:00,26/12/2025 21:37:09
Thái Nguyên,Kim Hỷ,xã Văn Lang,0.0,Không mưa,26/12/2025 19:00,26/12/2025 21:37:09
Thái Nguyên,Bành Trạch 2,xã Phúc Lộc,0.0,Không mưa,26/12/2025 19:00,26/12/2025 21:37:09
Thái Nguyên,Đình Cả,xã Võ Nhai,0.0,Không mưa,26/12/2025 19:00,26/12/2025 21:37:09
Thái Nguyên,Dương Phong 1,xã Bạch Thông,0.0,Không mưa,26/12/2025 19:00,26/12/2025 21:37:09
Thái Nguyên,Ngọc Phái,xã Chợ Đồn,0.0,Không mưa,26/12/2025 19:00,26/12/2025 21:37:09
Thái Nguyên,Phú Bình,xã Phú Bình,0.0,Không mưa,26/12/2025 19:00,26/12/2025 21:37:09
Thái Nguyên,Bản Thi,xã Yên Thịnh,0.0,Không mưa,26/12/2025 19:00,26/12/2025 21:37:09
Thái Nguyên,Quảng Bạch,xã Quảng Bạch,0.0,Không mưa,26/12/2025 19:00,26/12/2025 21:37:09
Thái Nguyên,La Hiên,xã La Hiên,0.0,Không mưa,26/12/2025 19:00,26/12/2025 21:37:09
Thái Nguyên,Tân Lập,xã Quảng Bạch,0.0,Không mưa,26/12/2025 19:00,26/12/2025 21:37:09
Thái Nguyên,Dương Phong 2,xã Bạch Thông,0.0,Không mưa,26/12/2025 19:00,26/12/2025 21:37:09
Thái Nguyên,Xuân Lạc,xã Nam Cường,0.0,Không mưa,26/12/2025 19:00,26/12/2025 21:37:09
Thái Nguyên,Điềm Mặc 1,xã Bình Thành,0.0,Không mưa,26/12/2025 19:00,26/12/2025 21:37:09
Thái Nguyên,Vũ Loan 1,xã Cường Lợi,0.0,Không mưa,26/12/2025 19:00,26/12/2025 21:37:09
Thái Nguyên,Phố Đu,xã Phú Lương,0.0,Không mưa,26/12/2025 19:00,26/12/2025 21:37:09
Thái Nguyên,Nhạn Môn,xã Bằng Thành,0.0,Không mưa,26/12/2025 19:00,26/12/2025 21:37:09
Thái Nguyên,Bộc Bố 1,xã Bằng Thành,0.0,Không mưa,26/12/2025 19:00,26/12/2025 21:37:09
Thái Nguyên,Vũ Chấn,xã Nghinh Tường,0.0,Không mưa,26/12/2025 19:00,26/12/2025 21:37:09
Thái Nguyên,Bành Trạch 1,xã Phúc Lộc,0.0,Không mưa,26/12/2025 19:00,26/12/2025 21:37:09
Thái Nguyên,Đại Từ,xã Đại Phúc,0.0,Không mưa,26/12/2025 19:00,26/12/2025 21:37:09
Thái Nguyên,Bằng Lãng,xã Chợ Đồn,0.0,Không mưa,26/12/2025 19:00,26/12/2025 21:37:09
Thái Nguyên,Phương Viên,xã Chợ Đồn,0.0,Không mưa,26/12/2025 19:00,26/12/2025 21:37:09
Thái Nguyên,Mỹ Thanh,xã Cẩm Giàng,0.0,Không mưa,26/12/2025 19:00,26/12/2025 21:37:09
Thái Nguyên,Đồng Lạc 2,xã Nam Cường,0.0,Không mưa,26/12/2025 19:00,26/12/2025 21:37:09
Thái Nguyên,Ký Phú,xã Vạn Phú,0.0,Không mưa,26/12/2025 19:00,26/12/2025 21:37:09
Thái Nguyên,Bộc Bố 2,xã Bằng Thành,0.0,Không mưa,26/12/2025 19:00,26/12/2025 21:37:09
Thái Nguyên,Nghiên Loan 2,xã Nghiên Loan,0.0,Không mưa,26/12/2025 19:00,26/12/2025 21:37:09
Thái Nguyên,Thượng Quan,xã Thượng Quan,0.0,Không mưa,26/12/2025 19:00,26/12/2025 21:37:09
Thái Nguyên,Công Bằng,xã Cao Minh,0.0,Không mưa,26/12/2025 19:00,26/12/2025 21:37:09
Thái Nguyên,Lương Thượng,xã Văn Lang,0.0,Không mưa,26/12/2025 19:00,26/12/2025 21:37:09
Thái Nguyên,Đôn Phong 3,xã Phong Quang,0.0,Không mưa,26/12/2025 19:00,26/12/2025 21:37:09
Thái Nguyên,Giáo Hiệu,xã Bằng Thành,0.0,Không mưa,26/12/2025 19:00,26/12/2025 21:37:09
Thái Nguyên,Đôn Phong 2,xã Phong Quang,0.0,Không mưa,26/12/2025 19:00,26/12/2025 21:37:09
Thái Nguyên,Yến Dương,xã Thượng Minh,0.0,Không mưa,26/12/2025 19:00,26/12/2025 21:37:09
Thái Nguyên,Cao Thượng,xã Ba Bể,0.0,Không mưa,26/12/2025 19:00,26/12/2025 21:37:09
Lạng Sơn,Than Na Dương,xã Na Dương,0.0,Không mưa,26/12/2025 19:00,26/12/2025 21:37:09
Lạng Sơn,Lộc Bình,xã Lộc Bình,0.0,Không mưa,26/12/2025 19:00,26/12/2025 21:37:09
Lạng Sơn,Na Sầm,xã Na Sầm,0.0,Không mưa,26/12/2025 19:00,26/12/2025 21:37:09
Lạng Sơn,Vạn Ninh,xã Bằng Mạc,0.0,Không mưa,26/12/2025 19:00,26/12/2025 21:37:09
Lạng Sơn,Điềm He,xã Điềm He,0.0,Không mưa,26/12/2025 19:00,26/12/2025 21:37:09
Lạng Sơn,Chi Lăng,xã Chi Lăng,0.0,Không mưa,26/12/2025 19:00,26/12/2025 21:37:09
Lạng Sơn,Cấm Sơn,xã Tân Thành,0.0,Không mưa,26/12/2025 19:00,26/12/2025 21:37:09
Lạng Sơn,Bình Gia,xã Bình Gia,0.0,Không mưa,26/12/2025 19:00,26/12/2025 21:37:09
Quảng Ninh,Bình Liêu,xã Bình Liêu,0.0,Không mưa,26/12/2025 19:00,26/12/2025 21:37:09
Quảng Ninh,Hồ Tân Yên,phường Hoàng Quế,0.0,Không mưa,26/12/2025 19:00,26/12/2025 21:37:09
Quảng Ninh,Phong Hải,phường Liên Hòa,0.0,Không mưa,26/12/2025 19:00,26/12/2025 21:37:09
Quảng Ninh,Khe Mai,đặc khu Vân Đồn,0.0,Không mưa,26/12/2025 19:00,26/12/2025 21:37:09
Quảng Ninh,Quảng Đức,xã Quảng Đức,0.0,Không mưa,26/12/2025 19:00,26/12/2025 21:37:09
Quảng Ninh,Than Hòn Gai,phường Cao Xanh,0.0,Không mưa,26/12/2025 19:00,26/12/2025 21:37:09
Quảng Ninh,Bằng Cả,xã Quảng La,0.0,Không mưa,26/12/2025 19:00,26/12/2025 21:37:09
Quảng Ninh,Yên Lập,phường Đông Mai,0.0,Không mưa,26/12/2025 19:00,26/12/2025 21:37:09
Quảng Ninh,Hồ Khe Cát,xã Hải Lạng,0.0,Không mưa,26/12/2025 19:00,26/12/2025 21:37:09
Quảng Ninh,Than Mạo Khê,phường Mạo Khê,0.0,Không mưa,26/12/2025 19:00,26/12/2025 21:37:09
Quảng Ninh,Yên Hưng,phường Quảng Yên,0.0,Không mưa,26/12/2025 19:00,26/12/2025 21:37:09
Quảng Ninh,Lương Mông,xã Lương Minh,0.0,Không mưa,26/12/2025 19:00,26/12/2025 21:37:09
Quảng Ninh,Đảo Trần,đặc khu Cô Tô,0.0,Không mưa,26/12/2025 19:00,26/12/2025 21:37:09
Quảng Ninh,Quất Đông,phường Móng Cái 3,0.0,Không mưa,26/12/2025 19:00,26/12/2025 21:37:09
Quảng Ninh,Lòng Dinh,đặc khu Vân Đồn,0.0,Không mưa,26/12/2025 19:00,26/12/2025 21:37:09
Quảng Ninh,Phình Hồ,xã Hải Sơn,0.0,Không mưa,26/12/2025 19:00,26/12/2025 21:37:09
Quảng Ninh,Đồng Tâm,xã Lục Hồn,0.0,Không mưa,26/12/2025 19:00,26/12/2025 21:37:09
Quảng Ninh,Hồng Hà,phường Hạ Long,0.0,Không mưa,26/12/2025 19:00,26/12/2025 21:37:09
Quảng Ninh,An Biên,phường Hoành Bồ,0.0,Không mưa,26/12/2025 19:00,26/12/2025 21:37:09
Quảng Ninh,Đầm Hà,xã Đầm Hà,0.0,Không mưa,26/12/2025 19:00,26/12/2025 21:37:09
Quảng Ninh,Quảng Lâm,xã Quảng Tân,0.0,Không mưa,26/12/2025 19:00,26/12/2025 21:37:09
Quảng Ninh,Hồ Tràng Vinh,xã Hải Ninh,0.0,Không mưa,26/12/2025 19:00,26/12/2025 21:37:09
Quảng Ninh,Ba Chẽ PCTT,xã Ba Chẽ,0.0,Không mưa,26/12/2025 19:00,26/12/2025 21:37:09
Quảng Ninh,Cô Tô,đặc khu Cô Tô,0.0,Không mưa,26/12/2025 19:00,26/12/2025 21:37:09
Quảng Ninh,Kỳ Thượng,xã Kỳ Thượng,0.0,Không mưa,26/12/2025 19:00,26/12/2025 21:37:09
Quảng Ninh,Hà Lâu,xã Điền Xá,0.0,Không mưa,26/12/2025 19:00,26/12/2025 21:37:09
Quảng Ninh,Khe Táu,xã Đông Ngũ,0.0,Không mưa,26/12/2025 19:00,26/12/2025 21:37:09
Quảng Ninh,Uông Bí,phường Yên Tử,0.0,Không mưa,26/12/2025 19:00,26/12/2025 21:37:09
Quảng Ninh,Phong Cốc,phường Phong Cốc,0.0,Không mưa,26/12/2025 19:00,26/12/2025 21:37:09
Quảng Ninh,Chúc Bài Sơn,xã Đường Hoa,0.0,Không mưa,26/12/2025 19:00,26/12/2025 21:37:09
Quảng Ninh,Đông Triều,phường Đông Triều,0.0,Không mưa,26/12/2025 19:00,26/12/2025 21:37:09
Quảng Ninh,Bến Châu,phường Bình Khê,0.0,Không mưa,26/12/2025 19:00,26/12/2025 21:37:09
Quảng Ninh,Đoan Tĩnh,phường Móng Cái 3,0.0,Không mưa,26/12/2025 19:00,26/12/2025 21:37:09
Quảng Ninh,Dương Huy,phường Mông Dương,0.0,Không mưa,26/12/2025 19:00,26/12/2025 21:37:09
Quảng Ninh,Hồ Tân Bình,xã Đầm Hà,0.0,Không mưa,26/12/2025 19:00,26/12/2025 21:37:09
Quảng Ninh,Hạ Long,phường Việt Hưng,0.0,Không mưa,26/12/2025 19:00,26/12/2025 21:37:09
Quảng Ninh,Vàng Danh,phường Vàng Danh,0.0,Không mưa,26/12/2025 19:00,26/12/2025 21:37:09
Quảng Ninh,Cẩm Phả,phường Cẩm Phả,0.0,Không mưa,26/12/2025 19:00,26/12/2025 21:37:09
Quảng Ninh,Hồ Sống Rắn,phường Đông Triều,0.0,Không mưa,26/12/2025 19:00,26/12/2025 21:37:09
Quảng Ninh,Hoành Bồ,phường Hoành Bồ,0.0,Không mưa,26/12/2025 19:00,26/12/2025 21:37:09
Quảng Ninh,Ba Chẽ,xã Ba Chẽ,0.0,Không mưa,26/12/2025 19:00,26/12/2025 21:37:09
Phú Thọ,Thành phố Hòa Bình,phường Hòa Bình,0.0,Không mưa,26/12/2025 19:00,26/12/2025 21:37:09
Phú Thọ,BQL Ngọc Sơn,xã Ngọc Sơn,0.0,Không mưa,26/12/2025 19:00,26/12/2025 21:37:09
Phú Thọ,Tiến Sơn,xã Liên Sơn,0.0,Không mưa,26/12/2025 19:00,26/12/2025 21:37:09
Phú Thọ,Thanh Hà,xã An Nghĩa,0.0,Không mưa,26/12/2025 19:00,26/12/2025 21:37:09
Phú Thọ,Vĩnh Đồng,xã Kim Bôi,0.0,Không mưa,26/12/2025 19:00,26/12/2025 21:37:09
Phú Thọ,Quý Hòa,xã Mường Vang,0.0,Không mưa,26/12/2025 19:00,26/12/2025 21:37:09
Phú Thọ,Cao Răm,xã Liên Sơn,0.0,Không mưa,26/12/2025 19:00,26/12/2025 21:37:09
Phú Thọ,Đạo Trù,xã Đạo Trù,0.0,Không mưa,26/12/2025 19:00,26/12/2025 21:37:09
Phú Thọ,Nuông Dăm,xã Dũng Tiến,0.0,Không mưa,26/12/2025 19:00,26/12/2025 21:37:09
Phú Thọ,Lập Thạch,xã Lập Thạch,0.0,Không mưa,26/12/2025 19:00,26/12/2025 21:37:09
Phú Thọ,Xuân Phong,xã Cao Phong,0.0,Không mưa,26/12/2025 19:00,26/12/2025 21:37:09
Phú Thọ,Thủy điện So Lo 1,xã Tân Mai,0.0,Không mưa,26/12/2025 19:00,26/12/2025 21:37:09
Phú Thọ,Hồ Trọng,xã Mường Bi,0.0,Không mưa,26/12/2025 19:00,26/12/2025 21:37:09
Phú Thọ,Kỳ Sơn,phường Kỳ Sơn,0.0,Không mưa,26/12/2025 19:00,26/12/2025 21:37:09
Phú Thọ,Thủy điện Miền Đồi,xã Thượng Cốc,0.0,Không mưa,26/12/2025 19:00,26/12/2025 21:37:09
Phú Thọ,Mường Khến,xã Tân Lạc,0.0,Không mưa,26/12/2025 19:00,26/12/2025 21:37:09
Phú Thọ,Thanh Lương,xã Cao Dương,0.0,Không mưa,26/12/2025 19:00,26/12/2025 21:37:09
Phú Thọ,Thủy điện Suối Tráng,xã Thung Nai,0.0,Không mưa,26/12/2025 19:00,26/12/2025 21:37:09
Phú Thọ,Cao Phong PCTT,xã Sơn Đông,0.0,Không mưa,26/12/2025 19:00,26/12/2025 21:37:09
Phú Thọ,Yên Trị,xã Yên Trị,0.0,Không mưa,26/12/2025 19:00,26/12/2025 21:37:09
Phú Thọ,An Bình,xã An Bình,0.0,Không mưa,26/12/2025 19:00,26/12/2025 21:37:09
Phú Thọ,Thủy điện Định Cư,xã Quyết Thắng,0.0,Không mưa,26/12/2025 19:00,26/12/2025 21:37:09
Phú Thọ,Yên Lạc,xã Yên Lạc,0.0,Không mưa,26/12/2025 19:00,26/12/2025 21:37:09
Phú Thọ,Nam Phong,xã Mường Thàng,0.0,Không mưa,26/12/2025 19:00,26/12/2025 21:37:09
Phú Thọ,Đồng Bảng,xã Mai Châu,0.0,Không mưa,26/12/2025 19:00,26/12/2025 21:37:09
Phú Thọ,Hồ Cạn Thượng,xã Cao Phong,0.0,Không mưa,26/12/2025 19:00,26/12/2025 21:37:09
Phú Thọ,Việt Xuân,xã Vĩnh Thành,0.0,Không mưa,26/12/2025 19:00,26/12/2025 21:37:09
Phú Thọ,Hợp Châu,xã Tam Đảo,0.0,Không mưa,26/12/2025 19:00,26/12/2025 21:37:09
Phú Thọ,Thủy điện Suối Nhạp,xã Tân Pheo,0.0,Không mưa,26/12/2025 19:00,26/12/2025 21:37:09
Phú Thọ,Lũng Vân,xã Vân Sơn,0.0,Không mưa,26/12/2025 19:00,26/12/2025 21:37:09
Phú Thọ,Kim Tiến,xã Kim Bôi,0.0,Không mưa,26/12/2025 19:00,26/12/2025 21:37:09
Phú Thọ,Đoàn Kết,xã Yên Trị,0.0,Không mưa,26/12/2025 19:00,26/12/2025 21:37:09
Phú Thọ,Lạc Lương,xã Lạc Lương,0.0,Không mưa,26/12/2025 19:00,26/12/2025 21:37:09
Phú Thọ,Ba Khan,xã Tân Mai,0.0,Không mưa,26/12/2025 19:00,26/12/2025 21:37:09
Phú Thọ,Khai Quang,phường Vĩnh Phúc,0.0,Không mưa,26/12/2025 19:00,26/12/2025 21:37:09
Phú Thọ,Tuân Chính,xã Thổ Tang,0.0,Không mưa,26/12/2025 19:00,26/12/2025 21:37:09
Phú Thọ,Quang Yên,xã Yên Lãng,0.0,Không mưa,26/12/2025 19:00,26/12/2025 21:37:09
Phú Thọ,Cao Sơn,xã Cao Sơn,0.0,Không mưa,26/12/2025 19:00,26/12/2025 21:37:09
Phú Thọ,Tân Pheo,xã Tân Pheo,0.0,Không mưa,26/12/2025 19:00,26/12/2025 21:37:09
Phú Thọ,Độc Lập,phường Kỳ Sơn,0.0,Không mưa,26/12/2025 19:00,26/12/2025 21:37:09
Phú Thọ,Tam Sơn,xã Tam Sơn,0.0,Không mưa,26/12/2025 19:00,26/12/2025 21:37:09
Phú Thọ,Dị Nậu,xã Thọ Văn,0.0,Không mưa,26/12/2025 19:00,26/12/2025 21:37:09
Phú Thọ,Bình Xuyên,xã Bình Nguyên,0.0,Không mưa,26/12/2025 19:00,26/12/2025 21:37:09
Phú Thọ,Tam Dương,xã Tam Dương,0.0,Không mưa,26/12/2025 19:00,26/12/2025 21:37:09
Phú Thọ,Đông Lĩnh,xã Quảng Yên,0.0,Không mưa,26/12/2025 19:00,26/12/2025 21:37:09
Phú Thọ,Lâm Thao,xã Phùng Nguyên,0.0,Không mưa,26/12/2025 19:00,26/12/2025 21:37:09
Phú Thọ,Xuân Sơn,xã Xuân Đài,0.0,Không mưa,26/12/2025 19:00,26/12/2025 21:37:09
Phú Thọ,Mỹ Lương,xã Sơn Lương,0.0,Không mưa,26/12/2025 19:00,26/12/2025 21:37:09
Phú Thọ,Năng Yên,xã Quảng Yên,0.0,Không mưa,26/12/2025 19:00,26/12/2025 21:37:09
Phú Thọ,Phúc Yên,phường Phúc Yên,0.0,Không mưa,26/12/2025 19:00,26/12/2025 21:37:09
Phú Thọ,Phượng Mao,xã Tu Vũ,0.0,Không mưa,26/12/2025 19:00,26/12/2025 21:37:09
Phú Thọ,Yên Thủy,xã Yên Thủy,0.0,Không mưa,26/12/2025 19:00,26/12/2025 21:37:09
Phú Thọ,Trung Sơn,xã Trung Sơn,0.0,Không mưa,26/12/2025 19:00,26/12/2025 21:37:09
Phú Thọ,Lương Nha,xã Yên Sơn,0.0,Không mưa,26/12/2025 19:00,26/12/2025 21:37:09
Phú Thọ,Hanh Cù,xã Thanh Ba,0.0,Không mưa,26/12/2025 19:00,26/12/2025 21:37:09
Phú Thọ,Văn Lang,xã Văn Lang,0.0,Không mưa,26/12/2025 19:00,26/12/2025 21:37:09
Phú Thọ,Thanh Ba,xã Thanh Ba,0.0,Không mưa,26/12/2025 19:00,26/12/2025 21:37:09
Phú Thọ,Thu Cúc,xã Thu Cúc,0.0,Không mưa,26/12/2025 19:00,26/12/2025 21:37:09
Phú Thọ,Mường Chiềng,xã Đức Nhàn,0.0,Không mưa,26/12/2025 19:00,26/12/2025 21:37:09
Phú Thọ,Hiền Lương,xã Hiền Lương,0.0,Không mưa,26/12/2025 19:00,26/12/2025 21:37:09
Phú Thọ,Tân Minh,xã Văn Miếu,0.0,Không mưa,26/12/2025 19:00,26/12/2025 21:37:09
Phú Thọ,Cao Phong,xã Cao Phong,0.0,Không mưa,26/12/2025 19:00,26/12/2025 21:37:09
Phú Thọ,Cẩm Khê,xã Cẩm Khê,0.0,Không mưa,26/12/2025 19:00,26/12/2025 21:37:09
Phú Thọ,Tân Lạc,xã Tân Lạc,0.0,Không mưa,26/12/2025 19:00,26/12/2025 21:37:09
Phú Thọ,Thọ Sơn (Đoan Hùng),xã Đoan Hùng,0.0,Không mưa,26/12/2025 19:00,26/12/2025 21:37:09
Phú Thọ,Xuân Đài 1,xã Xuân Đài,0.0,Không mưa,26/12/2025 19:00,26/12/2025 21:37:09
Phú Thọ,Chi cục thủy lợi Phú Thọ,phường Việt Trì,0.0,Không mưa,26/12/2025 19:00,26/12/2025 21:37:09
Phú Thọ,Bao La,xã Bao La,0.0,Không mưa,26/12/2025 19:00,26/12/2025 21:37:09
Phú Thọ,Cự Thắng 2,xã Võ Miếu,0.0,Không mưa,26/12/2025 19:00,26/12/2025 21:37:09
Phú Thọ,Đông Cửu 1,xã Khả Cửu,0.0,Không mưa,26/12/2025 19:00,26/12/2025 21:37:09
Phú Thọ,Yên Lập,xã Yên Lập,0.0,Không mưa,26/12/2025 19:00,26/12/2025 21:37:09
Phú Thọ,Yên Lương,xã Hương Cần,0.0,Không mưa,26/12/2025 19:00,26/12/2025 21:37:09
Phú Thọ,Quang Húc,xã Vạn Xuân,0.0,Không mưa,26/12/2025 19:00,26/12/2025 21:37:09
Phú Thọ,Phúc Khánh,xã Thượng Long,0.0,Không mưa,26/12/2025 19:00,26/12/2025 21:37:09
Phú Thọ,Thanh Thủy (La Phù),xã Thanh Thủy,0.0,Không mưa,26/12/2025 19:00,26/12/2025 21:37:09
Phú Thọ,Tu Lý,xã Đà Bắc,0.0,Không mưa,26/12/2025 19:00,26/12/2025 21:37:09
Phú Thọ,Đại Phạm,xã Đan Thượng,0.0,Không mưa,26/12/2025 19:00,26/12/2025 21:37:09
Phú Thọ,Vĩnh Tường,xã Thổ Tang,0.0,Không mưa,26/12/2025 19:00,26/12/2025 21:37:09
Phú Thọ,Xuân Đài 2,xã Xuân Đài,0.0,Không mưa,26/12/2025 19:00,26/12/2025 21:37:09
Phú Thọ,Tiên Lương,xã Tiên Lương,0.0,Không mưa,26/12/2025 19:00,26/12/2025 21:37:09
Phú Thọ,Xuân Hoà,phường Xuân Hòa,0.0,Không mưa,26/12/2025 19:00,26/12/2025 21:37:09
Phú Thọ,Tam Thanh,xã Long Cốc,0.0,Không mưa,26/12/2025 19:00,26/12/2025 21:37:09
Phú Thọ,Bằng Luân,xã Bằng Luân,0.0,Không mưa,26/12/2025 19:00,26/12/2025 21:37:09
Phú Thọ,Xuân Thủy,xã Xuân Viên,0.0,Không mưa,26/12/2025 19:00,26/12/2025 21:37:09
Phú Thọ,Ban Hàng Đồi,xã An Nghĩa,0.0,Không mưa,26/12/2025 19:00,26/12/2025 21:37:09
Phú Thọ,Hạ Hoà,xã Hạ Hòa,0.0,Không mưa,26/12/2025 19:00,26/12/2025 21:37:09
Phú Thọ,Thạch Kiệt 1,xã Tân Sơn,0.0,Không mưa,26/12/2025 19:00,26/12/2025 21:37:09
